PassengerId,Survived,Sex,Age,SibSp,Parch,Fare,Family Size,Pclass_1,Pclass_2,Pclass_3,Embarked_C,Embarked_Q,Embarked_S
1,0,1,-0.5303766406838785,0.4327933656785018,-0.4736736092984604,-0.5024451714361923,0.059159876663617626,0,0,1,0,0,1
2,1,0,0.571830994003175,0.4327933656785018,-0.4736736092984604,0.7868452935884461,0.059159876663617626,1,0,0,1,0,0
3,1,0,-0.25482473201211503,-0.47454519624983954,-0.4736736092984604,-0.4888542575852486,-0.5609748304808925,0,0,1,0,0,1
4,1,0,0.36516706249935255,0.4327933656785018,-0.4736736092984604,0.4207302360686478,0.059159876663617626,1,0,0,0,0,1
5,0,1,0.36516706249935255,-0.47454519624983954,-0.4736736092984604,-0.4863374216869257,-0.5609748304808925,0,0,1,0,0,1
7,0,1,1.6740386286902287,-0.47454519624983954,-0.4736736092984604,0.395813560675251,-0.5609748304808925,1,0,0,0,0,1
8,0,1,-1.9081361840426954,2.2474704895351842,0.7676298785983874,-0.22408312108167944,1.9195639980971482,0,0,1,0,0,1
9,1,0,-0.1859367548441742,-0.47454519624983954,2.0089333664952354,-0.4242561406845337,0.6792945838081278,0,0,1,0,0,1
10,1,0,-1.0814804580274051,0.4327933656785018,-0.4736736092984604,-0.04295550208861426,0.059159876663617626,0,1,0,1,0,0
11,1,0,-1.7703602297068137,0.4327933656785018,0.7676298785983874,-0.312172377522981,0.6792945838081278,0,0,1,0,0,1
12,1,0,1.949590537361992,-0.47454519624983954,-0.4736736092984604,-0.11384570873513637,-0.5609748304808925,1,0,0,0,0,1
13,0,1,-0.6681525950197601,-0.47454519624983954,-0.4736736092984604,-0.4863374216869257,-0.5609748304808925,0,0,1,0,0,1
14,0,1,0.6407189711711159,0.4327933656785018,5.73284383018578,-0.01870931177853076,3.1598334123861687,0,0,1,0,0,1
15,0,0,-1.0814804580274051,-0.47454519624983954,-0.4736736092984604,-0.4902797934380587,-0.5609748304808925,0,0,1,0,0,1
16,1,0,1.7429266058581694,-0.47454519624983954,-0.4736736092984604,-0.3262666585535892,-0.5609748304808925,0,1,0,0,0,1
17,0,1,-1.9081361840426954,3.1548090514635256,0.7676298785983874,-0.06199888922968463,2.5396987052416584,0,0,1,0,1,0
19,0,0,0.08961515382758917,0.4327933656785018,-0.4736736092984604,-0.2859972841804228,0.059159876663617626,0,0,1,0,0,1
21,0,1,0.36516706249935255,-0.47454519624983954,-0.4736736092984604,-0.12491978668775715,-0.5609748304808925,0,1,0,0,0,1
22,1,1,0.2962790853314117,-0.47454519624983954,-0.4736736092984604,-0.3866707201133388,-0.5609748304808925,0,1,0,0,0,1
23,1,0,-1.0125924808594644,-0.47454519624983954,-0.4736736092984604,-0.4867562231804066,-0.5609748304808925,0,0,1,0,1,0
24,1,1,-0.11704877767623337,-0.47454519624983954,-0.4736736092984604,0.06635974158478332,-0.5609748304808925,1,0,0,0,0,1
25,0,0,-1.4948083210350502,2.2474704895351842,0.7676298785983874,-0.22408312108167944,1.9195639980971482,0,0,1,0,0,1
26,1,0,0.571830994003175,0.4327933656785018,5.73284383018578,-0.016444159470040135,3.1598334123861687,0,0,1,0,0,1
28,0,1,-0.7370405721877009,2.2474704895351842,2.0089333664952354,4.647001076532463,2.5396987052416584,1,0,0,0,0,1
31,0,1,0.7096069483390568,-0.47454519624983954,-0.4736736092984604,-0.09027201697708476,-0.5609748304808925,1,0,0,1,0,0
34,0,1,2.500694354705519,-0.47454519624983954,-0.4736736092984604,-0.43700743807979686,-0.5609748304808925,0,1,0,0,0,1
35,0,1,-0.11704877767623337,0.4327933656785018,-0.4736736092984604,1.0060617003323709,0.059159876663617626,1,0,0,1,0,0
36,0,1,0.8473829026749384,0.4327933656785018,-0.4736736092984604,0.39858208016340624,0.059159876663617626,1,0,0,0,0,1
38,0,1,-0.5992646178518193,-0.47454519624983954,-0.4736736092984604,-0.4863374216869257,-0.5609748304808925,0,0,1,0,0,1
39,0,0,-0.8059285493556418,1.340131927606843,-0.4736736092984604,-0.2859972841804228,0.6792945838081278,0,0,1,0,0,1
40,1,0,-1.0814804580274051,0.4327933656785018,-0.4736736092984604,-0.42207354059350805,0.059159876663617626,0,0,1,1,0,0
41,0,0,0.7096069483390568,0.4327933656785018,-0.4736736092984604,-0.4576454924460446,0.059159876663617626,0,0,1,0,0,1
42,0,0,-0.1859367548441742,0.4327933656785018,-0.4736736092984604,-0.22559322262067316,0.059159876663617626,0,1,0,0,0,1
44,1,0,-1.8392482068747544,0.4327933656785018,2.0089333664952354,0.18876253192945994,1.299429290952638,0,1,0,1,0,0
45,1,0,-0.7370405721877009,-0.47454519624983954,-0.4736736092984604,-0.48977642625839407,-0.5609748304808925,0,0,1,0,1,0
50,0,0,-0.8059285493556418,0.4327933656785018,-0.4736736092984604,-0.29002422161773944,0.059159876663617626,0,0,1,0,0,1
51,0,1,-1.5636962982029912,3.1548090514635256,0.7676298785983874,0.1506737441786005,2.5396987052416584,0,0,1,0,0,1
52,0,1,-0.5992646178518193,-0.47454519624983954,-0.4736736092984604,-0.4913710934835715,-0.5609748304808925,0,0,1,0,0,1
53,1,0,1.3295987428505243,0.4327933656785018,-0.4736736092984604,0.8964967865378598,0.059159876663617626,1,0,0,1,0,0
54,1,0,-0.04816080050829252,0.4327933656785018,-0.4736736092984604,-0.12491978668775715,0.059159876663617626,0,1,0,0,0,1
55,0,1,2.431806377537578,-0.47454519624983954,0.7676298785983874,0.5995101505357573,0.059159876663617626,1,0,0,1,0,0
57,1,0,-0.5992646178518193,-0.47454519624983954,-0.4736736092984604,-0.43700743807979686,-0.5609748304808925,0,1,0,0,0,1
58,0,1,-0.08260478909226295,-0.47454519624983954,-0.4736736092984604,-0.5028639729296732,-0.5609748304808925,0,0,1,1,0,0
59,1,0,-1.7014722525388728,0.4327933656785018,2.0089333664952354,-0.08968408411123653,1.299429290952638,0,1,0,0,0,1
60,0,1,-1.2881443895312277,4.0621476133918675,2.0089333664952354,0.2958951755118318,3.779968119530679,0,0,1,0,0,1
61,0,1,-0.5303766406838785,-0.47454519624983954,-0.4736736092984604,-0.5028639729296732,-0.5609748304808925,0,0,1,1,0,0
63,0,1,1.054046834178761,0.4327933656785018,-0.4736736092984604,1.0323213593611125,0.059159876663617626,1,0,0,0,0,1
64,0,1,-1.7703602297068137,2.2474704895351842,2.0089333664952354,-0.08666388103324908,2.5396987052416584,0,0,1,0,0,1
67,1,0,-0.04816080050829252,-0.47454519624983954,-0.4736736092984604,-0.43700743807979686,-0.5609748304808925,0,1,0,0,0,1
68,0,1,-0.7370405721877009,-0.47454519624983954,-0.4736736092984604,-0.4841568350646187,-0.5609748304808925,0,0,1,0,0,1
69,1,0,-0.8748165265235827,3.1548090514635256,2.0089333664952354,-0.4888542575852486,3.1598334123861687,0,0,1,0,0,1
70,0,1,-0.25482473201211503,1.340131927606843,-0.4736736092984604,-0.47400492578514347,0.6792945838081278,0,0,1,0,0,1
71,0,1,0.15850313099553,-0.47454519624983954,-0.4736736092984604,-0.43700743807979686,-0.5609748304808925,0,1,0,0,0,1
72,0,0,-0.9437045036915235,4.0621476133918675,2.0089333664952354,0.2958951755118318,3.779968119530679,0,0,1,0,0,1
73,0,1,-0.5992646178518193,-0.47454519624983954,-0.4736736092984604,0.8314778546749452,-0.5609748304808925,0,1,0,0,0,1
74,0,1,-0.25482473201211503,0.4327933656785018,-0.4736736092984604,-0.3573908580066095,0.059159876663617626,0,0,1,1,0,0
75,1,1,0.15850313099553,-0.47454519624983954,-0.4736736092984604,0.48910360681684706,-0.5609748304808925,0,0,1,0,0,1
76,0,1,-0.3237127091800559,-0.47454519624983954,-0.4736736092984604,-0.494391296561559,-0.5609748304808925,0,0,1,0,0,1
79,1,1,-1.9887351173291863,-0.47454519624983954,2.0089333664952354,-0.06451572512800753,0.6792945838081278,0,1,0,0,0,1
80,1,0,0.020727176659648322,-0.47454519624983954,-0.4736736092984604,-0.397241430886295,-0.5609748304808925,0,0,1,0,0,1
81,0,1,-0.5303766406838785,-0.47454519624983954,-0.4736736092984604,-0.46720946885967163,-0.5609748304808925,0,0,1,0,0,1
82,1,1,-0.04816080050829252,-0.47454519624983954,-0.4736736092984604,-0.45714212526638004,-0.5609748304808925,0,0,1,0,0,1
84,0,1,-0.11704877767623337,-0.47454519624983954,-0.4736736092984604,0.29992211294914856,-0.5609748304808925,1,0,0,0,0,1
85,1,0,-0.8748165265235827,-0.47454519624983954,-0.4736736092984604,-0.43700743807979686,-0.5609748304808925,0,1,0,0,0,1
86,1,0,0.22739110816347086,2.2474704895351842,-0.4736736092984604,-0.32928686163157667,1.299429290952638,0,0,1,0,0,1
87,0,1,-0.9437045036915235,0.4327933656785018,3.250236854392083,0.04370821849987721,1.9195639980971482,0,0,1,0,0,1
89,1,0,-0.4614886635159376,2.2474704895351842,2.0089333664952354,4.647001076532463,2.5396987052416584,1,0,0,0,0,1
90,0,1,-0.3926006863479967,-0.47454519624983954,-0.4736736092984604,-0.4863374216869257,-0.5609748304808925,0,0,1,0,0,1
91,0,1,-0.04816080050829252,-0.47454519624983954,-0.4736736092984604,-0.4863374216869257,-0.5609748304808925,0,0,1,0,0,1
92,0,1,-0.6681525950197601,-0.47454519624983954,-0.4736736092984604,-0.4902797934380587,-0.5609748304808925,0,0,1,0,0,1
93,0,1,1.122934811346702,0.4327933656785018,-0.4736736092984604,0.5833178351003071,0.059159876663617626,1,0,0,0,0,1
94,0,1,-0.25482473201211503,0.4327933656785018,2.0089333664952354,-0.23415046467497105,1.299429290952638,0,0,1,0,0,1
95,0,1,2.018478514529933,-0.47454519624983954,-0.4736736092984604,-0.5024451714361923,-0.5609748304808925,0,0,1,0,0,1
97,0,1,2.845134240545223,-0.47454519624983954,-0.4736736092984604,0.0493298231623713,-0.5609748304808925,1,0,0,1,0,0
98,1,1,-0.4614886635159376,-0.47454519624983954,0.7676298785983874,0.6272778976347743,0.059159876663617626,1,0,0,1,0,0
99,1,0,0.2962790853314117,-0.47454519624983954,0.7676298785983874,-0.18532384824750675,0.059159876663617626,0,1,0,0,0,1
100,0,1,0.2962790853314117,0.4327933656785018,-0.4736736092984604,-0.12491978668775715,0.059159876663617626,0,1,0,0,0,1
101,0,0,-0.11704877767623337,-0.47454519624983954,-0.4736736092984604,-0.4894421904510968,-0.5609748304808925,0,0,1,0,0,1
103,0,1,-0.5992646178518193,-0.47454519624983954,0.7676298785983874,0.907737982394129,0.059159876663617626,1,0,0,0,0,1
104,0,1,0.22739110816347086,-0.47454519624983954,-0.4736736092984604,-0.4741720436887921,-0.5609748304808925,0,0,1,0,0,1
105,0,1,0.5029430168352342,1.340131927606843,-0.4736736092984604,-0.4888542575852486,0.6792945838081278,0,0,1,0,0,1
106,0,1,-0.11704877767623337,-0.47454519624983954,-0.4736736092984604,-0.4894421904510968,-0.5609748304808925,0,0,1,0,0,1
107,1,0,-0.5992646178518193,-0.47454519624983954,-0.4736736092984604,-0.494391296561559,-0.5609748304808925,0,0,1,0,0,1
109,0,1,0.571830994003175,-0.47454519624983954,-0.4736736092984604,-0.4894421904510968,-0.5609748304808925,0,0,1,0,0,1
111,0,1,1.1918227885146426,-0.47454519624983954,-0.4736736092984604,0.39858208016340624,-0.5609748304808925,1,0,0,0,0,1
112,0,0,-1.0470364694434349,0.4327933656785018,-0.4736736092984604,-0.3573908580066095,0.059159876663617626,0,0,1,1,0,0
113,0,1,-0.5303766406838785,-0.47454519624983954,-0.4736736092984604,-0.4863374216869257,-0.5609748304808925,0,0,1,0,0,1
114,0,0,-0.6681525950197601,0.4327933656785018,-0.4736736092984604,-0.4505983519307405,0.059159876663617626,0,0,1,0,0,1
115,0,0,-0.8748165265235827,-0.47454519624983954,-0.4736736092984604,-0.3573083057891445,-0.5609748304808925,0,0,1,1,0,0
116,0,1,-0.5992646178518193,-0.47454519624983954,-0.4736736092984604,-0.4888542575852486,-0.5609748304808925,0,0,1,0,0,1
117,0,1,2.8106902519612524,-0.47454519624983954,-0.4736736092984604,-0.49237782784290063,-0.5609748304808925,0,0,1,0,1,0
118,0,1,-0.04816080050829252,0.4327933656785018,-0.4736736092984604,-0.22559322262067316,0.059159876663617626,0,1,0,0,0,1
119,0,1,-0.3926006863479967,-0.47454519624983954,0.7676298785983874,4.335332226633905,0.059159876663617626,1,0,0,1,0,0
120,0,0,-1.9081361840426954,3.1548090514635256,2.0089333664952354,-0.01870931177853076,3.1598334123861687,0,0,1,0,0,1
121,0,1,-0.5992646178518193,1.340131927606843,-0.4736736092984604,0.8314778546749452,0.6792945838081278,0,1,0,0,0,1
123,0,1,0.19294711957950042,0.4327933656785018,-0.4736736092984604,-0.04295550208861426,0.059159876663617626,0,1,0,1,0,0
124,1,0,0.19294711957950042,-0.47454519624983954,-0.4736736092984604,-0.3866707201133388,-0.5609748304808925,0,1,0,0,0,1
125,0,1,1.6740386286902287,-0.47454519624983954,0.7676298785983874,0.907737982394129,0.059159876663617626,1,0,0,0,0,1
126,1,1,-1.219256412363287,0.4327933656785018,-0.4736736092984604,-0.42207354059350805,0.059159876663617626,0,0,1,1,0,0
128,1,1,-0.3926006863479967,-0.47454519624983954,-0.4736736092984604,-0.5046257580584992,-0.5609748304808925,0,0,1,0,0,1
130,0,1,1.054046834178761,-0.47454519624983954,-0.4736736092984604,-0.5079822104125026,-0.5609748304808925,0,0,1,0,0,1
131,0,1,0.22739110816347086,-0.47454519624983954,-0.4736736092984604,-0.4894421904510968,-0.5609748304808925,0,0,1,1,0,0
132,0,1,-0.6681525950197601,-0.47454519624983954,-0.4736736092984604,-0.5064721088735089,-0.5609748304808925,0,0,1,0,0,1
133,0,0,1.1918227885146426,0.4327933656785018,-0.4736736092984604,-0.35646868933346404,0.059159876663617626,0,0,1,0,0,1
134,1,0,-0.04816080050829252,0.4327933656785018,-0.4736736092984604,-0.12491978668775715,0.059159876663617626,0,1,0,0,0,1
135,0,1,-0.3237127091800559,-0.47454519624983954,-0.4736736092984604,-0.3866707201133388,-0.5609748304808925,0,1,0,0,0,1
136,0,1,-0.4614886635159376,-0.47454519624983954,-0.4736736092984604,-0.3454791770670269,-0.5609748304808925,0,1,0,1,0,0
137,1,0,-0.7370405721877009,-0.47454519624983954,2.0089333664952354,-0.11921562980779811,0.6792945838081278,1,0,0,0,0,1
138,0,1,0.5029430168352342,0.4327933656785018,-0.4736736092984604,0.4207302360686478,0.059159876663617626,1,0,0,0,0,1
139,0,1,-0.9437045036915235,-0.47454519624983954,-0.4736736092984604,-0.4628462821463391,-0.5609748304808925,0,0,1,0,0,1
140,0,1,-0.3926006863479967,-0.47454519624983954,-0.4736736092984604,0.9462455716384695,-0.5609748304808925,1,0,0,1,0,0
142,1,0,-0.5303766406838785,-0.47454519624983954,-0.4736736092984604,-0.49237782784290063,-0.5609748304808925,0,0,1,0,0,1
143,1,0,-0.3926006863479967,0.4327933656785018,-0.4736736092984604,-0.32928686163157667,0.059159876663617626,0,0,1,0,0,1
144,0,1,-0.7370405721877009,-0.47454519624983954,-0.4736736092984604,-0.5125125150294839,-0.5609748304808925,0,0,1,0,1,0
145,0,1,-0.8059285493556418,-0.47454519624983954,-0.4736736092984604,-0.41687275089321363,-0.5609748304808925,0,1,0,0,0,1
146,0,1,-0.7370405721877009,0.4327933656785018,0.7676298785983874,0.09152810056801232,0.6792945838081278,0,1,0,0,0,1
147,1,1,-0.1859367548441742,-0.47454519624983954,-0.4736736092984604,-0.49145565916975514,-0.5609748304808925,0,0,1,0,0,1
148,0,0,-1.4259203438671093,1.340131927606843,2.0089333664952354,0.04370821849987721,1.9195639980971482,0,0,1,0,0,1
149,0,1,0.4684990282512638,-0.47454519624983954,2.0089333664952354,-0.12491978668775715,0.6792945838081278,0,1,0,0,0,1
150,0,1,0.8473829026749384,-0.47454519624983954,-0.4736736092984604,-0.3866707201133388,-0.5609748304808925,0,1,0,0,0,1
151,0,1,1.4673746971864061,-0.47454519624983954,-0.4736736092984604,-0.39623469652696586,-0.5609748304808925,0,1,0,0,0,1
152,1,0,-0.5303766406838785,0.4327933656785018,-0.4736736092984604,0.6925485130875209,0.059159876663617626,1,0,0,0,0,1
153,0,1,1.7773705944421399,-0.47454519624983954,-0.4736736092984604,-0.4863374216869257,-0.5609748304808925,0,0,1,0,0,1
154,0,1,0.7440509369230272,-0.47454519624983954,2.0089333664952354,-0.35646868933346404,0.6792945838081278,0,0,1,0,0,1
156,0,1,1.4673746971864061,-0.47454519624983954,0.7676298785983874,0.5874293382238074,0.059159876663617626,1,0,0,1,0,0
157,1,0,-0.9437045036915235,-0.47454519624983954,-0.4736736092984604,-0.49271407711891657,-0.5609748304808925,0,0,1,0,1,0
158,0,1,0.020727176659648322,-0.47454519624983954,-0.4736736092984604,-0.4863374216869257,-0.5609748304808925,0,0,1,0,0,1
161,0,1,0.9851588570108202,-0.47454519624983954,0.7676298785983874,-0.32425318983493084,0.059159876663617626,0,0,1,0,0,1
162,1,0,0.7096069483390568,-0.47454519624983954,-0.4736736092984604,-0.331300330350235,-0.5609748304808925,0,1,0,0,0,1
163,0,1,-0.25482473201211503,-0.47454519624983954,-0.4736736092984604,-0.4918744606632361,-0.5609748304808925,0,0,1,0,0,1
164,0,1,-0.8748165265235827,-0.47454519624983954,-0.4736736092984604,-0.47400492578514347,-0.5609748304808925,0,0,1,0,0,1
165,0,1,-1.977024161210636,3.1548090514635256,0.7676298785983874,0.1506737441786005,2.5396987052416584,0,0,1,0,0,1
166,1,1,-1.4259203438671093,-0.47454519624983954,2.0089333664952354,-0.2351571990343002,0.6792945838081278,0,0,1,0,0,1
168,0,0,1.054046834178761,0.4327933656785018,4.491540342288931,-0.08666388103324908,2.5396987052416584,0,0,1,0,0,1
170,0,1,-0.11704877767623337,-0.47454519624983954,-0.4736736092984604,0.48910360681684706,-0.5609748304808925,0,0,1,0,0,1
171,0,1,2.1562544688658143,-0.47454519624983954,-0.4736736092984604,0.026090367211616904,-0.5609748304808925,1,0,0,0,0,1
172,0,1,-1.7703602297068137,3.1548090514635256,0.7676298785983874,-0.06199888922968463,2.5396987052416584,0,0,1,0,1,0
173,1,0,-1.977024161210636,0.4327933656785018,0.7676298785983874,-0.4242561406845337,0.6792945838081278,0,0,1,0,0,1
174,0,1,-0.5992646178518193,-0.47454519624983954,-0.4736736092984604,-0.4888542575852486,-0.5609748304808925,0,0,1,0,0,1
175,0,1,1.8118145830261103,-0.47454519624983954,-0.4736736092984604,-0.030371322596999754,-0.5609748304808925,1,0,0,1,0,0
176,0,1,-0.8059285493556418,0.4327933656785018,0.7676298785983874,-0.4902797934380587,0.6792945838081278,0,0,1,0,0,1
178,0,0,1.3984867200184652,-0.47454519624983954,-0.4736736092984604,-0.07030444769415023,-0.5609748304808925,1,0,0,1,0,0
179,0,1,0.020727176659648322,-0.47454519624983954,-0.4736736092984604,-0.3866707201133388,-0.5609748304808925,0,1,0,0,0,1
180,0,1,0.43405503966729336,-0.47454519624983954,-0.4736736092984604,-0.6484216535389205,-0.5609748304808925,0,0,1,0,0,1
183,0,1,-1.4259203438671093,3.1548090514635256,2.0089333664952354,-0.016444159470040135,3.1598334123861687,0,0,1,0,0,1
184,1,1,-1.977024161210636,1.340131927606843,0.7676298785983874,0.13683114673782454,1.299429290952638,0,1,0,0,0,1
185,1,0,-1.7703602297068137,-0.47454519624983954,2.0089333664952354,-0.20495516825442542,0.6792945838081278,0,0,1,0,0,1
188,1,1,1.054046834178761,-0.47454519624983954,-0.4736736092984604,-0.11384570873513637,-0.5609748304808925,1,0,0,0,0,1
189,0,1,0.7096069483390568,0.4327933656785018,0.7676298785983874,-0.3363340021468808,0.6792945838081278,0,0,1,0,1,0
190,0,1,0.43405503966729336,-0.47454519624983954,-0.4736736092984604,-0.4894421904510968,-0.5609748304808925,0,0,1,0,0,1
191,1,0,0.15850313099553,-0.47454519624983954,-0.4736736092984604,-0.3866707201133388,-0.5609748304808925,0,1,0,0,0,1
192,0,1,-0.7370405721877009,-0.47454519624983954,-0.4736736092984604,-0.3866707201133388,-0.5609748304808925,0,1,0,0,0,1
193,1,0,-0.7370405721877009,0.4327933656785018,-0.4736736092984604,-0.4902797934380587,0.059159876663617626,0,0,1,0,0,1
194,1,1,-1.8392482068747544,0.4327933656785018,0.7676298785983874,-0.12491978668775715,0.6792945838081278,0,1,0,0,0,1
195,1,0,0.9851588570108202,-0.47454519624983954,-0.4736736092984604,-0.09027201697708476,-0.5609748304808925,1,0,0,1,0,0
196,1,0,1.949590537361992,-0.47454519624983954,-0.4736736092984604,2.301728820789,-0.5609748304808925,1,0,0,1,0,0
198,0,1,0.8473829026749384,-0.47454519624983954,0.7676298785983874,-0.47920571548543794,0.059159876663617626,0,0,1,0,0,1
200,0,0,-0.3926006863479967,-0.47454519624983954,-0.4736736092984604,-0.3866707201133388,-0.5609748304808925,0,1,0,0,0,1
201,0,1,-0.11704877767623337,-0.47454519624983954,-0.4736736092984604,-0.45714212526638004,-0.5609748304808925,0,0,1,0,0,1
203,0,1,0.2962790853314117,-0.47454519624983954,-0.4736736092984604,-0.5176307525123133,-0.5609748304808925,0,0,1,0,0,1
204,0,1,1.0884908227627315,-0.47454519624983954,-0.4736736092984604,-0.5029485386158568,-0.5609748304808925,0,0,1,1,0,0
205,1,1,-0.8059285493556418,-0.47454519624983954,-0.4736736092984604,-0.4863374216869257,-0.5609748304808925,0,0,1,0,0,1
206,0,0,-1.9081361840426954,-0.47454519624983954,0.7676298785983874,-0.43776248884929375,0.059159876663617626,0,0,1,0,0,1
207,0,1,0.15850313099553,0.4327933656785018,-0.4736736092984604,-0.32928686163157667,0.059159876663617626,0,0,1,0,0,1
208,1,1,-0.25482473201211503,-0.47454519624983954,-0.4736736092984604,-0.2701412180209885,-0.5609748304808925,0,0,1,1,0,0
209,1,0,-0.9437045036915235,-0.47454519624983954,-0.4736736092984604,-0.49237782784290063,-0.5609748304808925,0,0,1,0,1,0
210,1,1,0.7096069483390568,-0.47454519624983954,-0.4736736092984604,-0.024246350754841113,-0.5609748304808925,1,0,0,1,0,0
211,0,1,-0.3926006863479967,-0.47454519624983954,-0.4736736092984604,-0.5064721088735089,-0.5609748304808925,0,0,1,0,0,1
212,1,0,0.36516706249935255,-0.47454519624983954,-0.4736736092984604,-0.22559322262067316,-0.5609748304808925,0,1,0,0,0,1
213,0,1,-0.5303766406838785,-0.47454519624983954,-0.4736736092984604,-0.5024451714361923,-0.5609748304808925,0,0,1,0,0,1
214,0,1,0.020727176659648322,-0.47454519624983954,-0.4736736092984604,-0.3866707201133388,-0.5609748304808925,0,1,0,0,0,1
216,1,0,0.08961515382758917,0.4327933656785018,-0.4736736092984604,1.6323350375212924,0.059159876663617626,1,0,0,1,0,0
217,1,0,-0.1859367548441742,-0.47454519624983954,-0.4736736092984604,-0.4888542575852486,-0.5609748304808925,0,0,1,0,0,1
218,0,1,0.8473829026749384,0.4327933656785018,-0.4736736092984604,-0.10478509950117394,0.059159876663617626,0,1,0,0,0,1
219,1,0,0.15850313099553,-0.47454519624983954,-0.4736736092984604,0.8876878608937296,-0.5609748304808925,1,0,0,1,0,0
220,0,1,0.020727176659648322,-0.47454519624983954,-0.4736736092984604,-0.43700743807979686,-0.5609748304808925,0,1,0,0,0,1
221,1,1,-0.9437045036915235,-0.47454519624983954,-0.4736736092984604,-0.4863374216869257,-0.5609748304808925,0,0,1,0,0,1
222,0,1,-0.1859367548441742,-0.47454519624983954,-0.4736736092984604,-0.3866707201133388,-0.5609748304808925,0,1,0,0,0,1
223,0,1,1.4673746971864061,-0.47454519624983954,-0.4736736092984604,-0.4863374216869257,-0.5609748304808925,0,0,1,0,0,1
225,1,1,0.571830994003175,0.4327933656785018,-0.4736736092984604,1.163700193253568,0.059159876663617626,1,0,0,0,0,1
226,0,1,-0.5303766406838785,-0.47454519624983954,-0.4736736092984604,-0.4601623283443675,-0.5609748304808925,0,0,1,0,0,1
227,1,1,-0.7370405721877009,-0.47454519624983954,-0.4736736092984604,-0.43700743807979686,-0.5609748304808925,0,1,0,0,0,1
228,0,1,-0.6337086064357897,-0.47454519624983954,-0.4736736092984604,-0.5024451714361923,-0.5609748304808925,0,0,1,0,0,1
229,0,1,-0.8059285493556418,-0.47454519624983954,-0.4736736092984604,-0.3866707201133388,-0.5609748304808925,0,1,0,0,0,1
231,1,0,0.36516706249935255,0.4327933656785018,-0.4736736092984604,1.0323213593611125,0.059159876663617626,1,0,0,0,0,1
232,0,1,-0.04816080050829252,-0.47454519624983954,-0.4736736092984604,-0.4918744606632361,-0.5609748304808925,0,0,1,0,0,1
233,0,1,2.018478514529933,-0.47454519624983954,-0.4736736092984604,-0.3766033765200472,-0.5609748304808925,0,1,0,0,0,1
234,1,0,-1.7014722525388728,3.1548090514635256,2.0089333664952354,-0.016444159470040135,3.1598334123861687,0,0,1,0,0,1
235,0,1,-0.3926006863479967,-0.47454519624983954,-0.4736736092984604,-0.43700743807979686,-0.5609748304808925,0,1,0,0,0,1
237,0,1,0.9851588570108202,0.4327933656785018,-0.4736736092984604,-0.12491978668775715,0.059159876663617626,0,1,0,0,0,1
238,1,0,-1.4948083210350502,-0.47454519624983954,2.0089333664952354,-0.11988611489111134,0.6792945838081278,0,1,0,0,0,1
239,0,1,-0.7370405721877009,-0.47454519624983954,-0.4736736092984604,-0.43700743807979686,-0.5609748304808925,0,1,0,0,0,1
240,0,1,0.22739110816347086,-0.47454519624983954,-0.4736736092984604,-0.4012683683236117,-0.5609748304808925,0,1,0,0,0,1
243,0,1,-0.04816080050829252,-0.47454519624983954,-0.4736736092984604,-0.43700743807979686,-0.5609748304808925,0,1,0,0,0,1
244,0,1,-0.5303766406838785,-0.47454519624983954,-0.4736736092984604,-0.5049620073345151,-0.5609748304808925,0,0,1,0,0,1
245,0,1,0.020727176659648322,-0.47454519624983954,-0.4736736092984604,-0.5029485386158568,-0.5609748304808925,0,0,1,1,0,0
246,0,1,0.9851588570108202,1.340131927606843,-0.4736736092984604,1.163700193253568,0.6792945838081278,1,0,0,0,1,0
247,0,0,-0.3237127091800559,-0.47454519624983954,-0.4736736092984604,-0.4918744606632361,-0.5609748304808925,0,0,1,0,0,1
248,1,0,-0.3926006863479967,-0.47454519624983954,2.0089333664952354,-0.35646868933346404,0.6792945838081278,0,1,0,0,0,1
249,1,1,0.5029430168352342,0.4327933656785018,0.7676298785983874,0.40974072380221066,0.6792945838081278,1,0,0,0,0,1
250,0,1,1.6740386286902287,0.4327933656785018,-0.4736736092984604,-0.12491978668775715,0.059159876663617626,0,1,0,0,0,1
252,0,0,-0.04816080050829252,0.4327933656785018,0.7676298785983874,-0.43776248884929375,0.6792945838081278,0,0,1,0,0,1
253,0,1,2.225142446033755,-0.47454519624983954,-0.4736736092984604,-0.11384570873513637,-0.5609748304808925,1,0,0,0,0,1
254,0,1,0.020727176659648322,0.4327933656785018,-0.4736736092984604,-0.32425318983493084,0.059159876663617626,0,0,1,0,0,1
255,0,0,0.7784949255069976,-0.47454519624983954,2.0089333664952354,-0.2414492887801075,0.6792945838081278,0,0,1,0,0,1
256,1,0,-0.04816080050829252,-0.47454519624983954,2.0089333664952354,-0.3414522396297103,0.6792945838081278,0,0,1,1,0,0
258,1,0,0.020727176659648322,-0.47454519624983954,-0.4736736092984604,1.093228788100527,-0.5609748304808925,1,0,0,0,0,1
259,1,0,0.36516706249935255,-0.47454519624983954,-0.4736736092984604,9.667166525013505,-0.5609748304808925,1,0,0,1,0,0
260,1,0,1.3984867200184652,-0.47454519624983954,0.7676298785983874,-0.12491978668775715,0.059159876663617626,0,1,0,0,0,1
262,1,1,-1.8392482068747544,3.1548090514635256,2.0089333664952354,-0.016444159470040135,3.1598334123861687,0,0,1,0,0,1
263,0,1,1.5362626743543468,0.4327933656785018,0.7676298785983874,0.955306180872432,0.6792945838081278,1,0,0,0,0,1
264,0,1,0.7096069483390568,-0.47454519624983954,-0.4736736092984604,-0.6484216535389205,-0.5609748304808925,1,0,0,0,0,1
266,0,1,0.43405503966729336,-0.47454519624983954,-0.4736736092984604,-0.43700743807979686,-0.5609748304808925,0,1,0,0,0,1
267,0,1,-0.9437045036915235,3.1548090514635256,0.7676298785983874,0.1506737441786005,2.5396987052416584,0,0,1,0,0,1
268,1,1,-0.3237127091800559,0.4327933656785018,-0.4736736092984604,-0.4918744606632361,0.059159876663617626,0,0,1,0,0,1
269,1,0,1.949590537361992,-0.47454519624983954,0.7676298785983874,2.441497778832105,0.059159876663617626,1,0,0,0,0,1
270,1,0,0.36516706249935255,-0.47454519624983954,-0.4736736092984604,2.0825124140450755,-0.5609748304808925,1,0,0,0,0,1
272,1,1,-0.3237127091800559,-0.47454519624983954,-0.4736736092984604,-0.6484216535389205,-0.5609748304808925,0,0,1,0,0,1
273,1,0,0.7784949255069976,-0.47454519624983954,0.7676298785983874,-0.255795253400548,0.059159876663617626,0,1,0,0,0,1
274,0,1,0.5029430168352342,-0.47454519624983954,0.7676298785983874,-0.05042144409739929,0.059159876663617626,1,0,0,1,0,0
276,1,0,2.294030423201696,0.4327933656785018,-0.4736736092984604,0.921244330558889,0.059159876663617626,1,0,0,0,0,1
277,0,0,1.054046834178761,-0.47454519624983954,-0.4736736092984604,-0.49237782784290063,-0.5609748304808925,0,0,1,0,0,1
279,0,1,-1.5636962982029912,3.1548090514635256,0.7676298785983874,-0.06199888922968463,2.5396987052416584,0,0,1,0,1,0
280,1,0,0.36516706249935255,0.4327933656785018,0.7676298785983874,-0.24069423801061057,0.6792945838081278,0,0,1,0,0,1
281,0,1,2.431806377537578,-0.47454519624983954,-0.4736736092984604,-0.49237782784290063,-0.5609748304808925,0,0,1,0,1,0
282,0,1,-0.11704877767623337,-0.47454519624983954,-0.4736736092984604,-0.4902797934380587,-0.5609748304808925,0,0,1,0,0,1
283,0,1,-0.9437045036915235,-0.47454519624983954,-0.4736736092984604,-0.45714212526638004,-0.5609748304808925,0,0,1,0,0,1
284,1,1,-0.7370405721877009,-0.47454519624983954,-0.4736736092984604,-0.4863374216869257,-0.5609748304808925,0,0,1,0,0,1
286,0,1,0.22739110816347086,-0.47454519624983954,-0.4736736092984604,-0.47400492578514347,-0.5609748304808925,0,0,1,1,0,0
287,1,1,0.020727176659648322,-0.47454519624983954,-0.4736736092984604,-0.45714212526638004,-0.5609748304808925,0,0,1,0,0,1
288,0,1,-0.5303766406838785,-0.47454519624983954,-0.4736736092984604,-0.4894421904510968,-0.5609748304808925,0,0,1,0,0,1
289,1,1,0.8473829026749384,-0.47454519624983954,-0.4736736092984604,-0.3866707201133388,-0.5609748304808925,0,1,0,0,0,1
290,1,0,-0.5303766406838785,-0.47454519624983954,-0.4736736092984604,-0.49237782784290063,-0.5609748304808925,0,0,1,0,1,0
291,1,0,-0.25482473201211503,-0.47454519624983954,-0.4736736092984604,0.9391984311231651,-0.5609748304808925,1,0,0,0,0,1
292,1,0,-0.7370405721877009,0.4327933656785018,-0.4736736092984604,1.1854295476653287,0.059159876663617626,1,0,0,1,0,0
293,0,1,0.43405503966729336,-0.47454519624983954,-0.4736736092984604,-0.3891875560116617,-0.5609748304808925,0,1,0,1,0,0
294,0,0,-0.3926006863479967,-0.47454519624983954,-0.4736736092984604,-0.4702296719376591,-0.5609748304808925,0,0,1,0,0,1
295,0,1,-0.3926006863479967,-0.47454519624983954,-0.4736736092984604,-0.4894421904510968,-0.5609748304808925,0,0,1,0,0,1
297,0,1,-0.4270446749319672,-0.47454519624983954,-0.4736736092984604,-0.5028639729296732,-0.5609748304808925,0,0,1,1,0,0
298,0,0,-1.9081361840426954,0.4327933656785018,2.0089333664952354,2.4029901895877646,1.299429290952638,1,0,0,0,0,1
300,1,0,1.3984867200184652,-0.47454519624983954,0.7676298785983874,4.335332226633905,0.059159876663617626,1,0,0,1,0,0
303,0,1,-0.7370405721877009,-0.47454519624983954,-0.4736736092984604,-0.6484216535389205,-0.5609748304808925,0,0,1,0,0,1
306,1,1,-1.9825351993840714,0.4327933656785018,2.0089333664952354,2.4029901895877646,1.299429290952638,1,0,0,0,0,1
308,1,0,-0.8748165265235827,0.4327933656785018,-0.4736736092984604,1.5442457810799908,0.059159876663617626,1,0,0,1,0,0
309,0,1,0.020727176659648322,0.4327933656785018,-0.4736736092984604,-0.16518916106092355,0.059159876663617626,0,1,0,1,0,0
310,1,0,0.020727176659648322,-0.47454519624983954,-0.4736736092984604,0.49782998024351216,-0.5609748304808925,1,0,0,1,0,0
311,1,0,-0.3926006863479967,-0.47454519624983954,-0.4736736092984604,1.0259447039291216,-0.5609748304808925,1,0,0,1,0,0
312,1,0,-0.8059285493556418,1.340131927606843,2.0089333664952354,4.634416897040849,1.9195639980971482,1,0,0,1,0,0
313,0,0,-0.25482473201211503,0.4327933656785018,0.7676298785983874,-0.12491978668775715,0.6792945838081278,0,1,0,0,0,1
314,0,1,-0.11704877767623337,-0.47454519624983954,-0.4736736092984604,-0.4894421904510968,-0.5609748304808925,0,0,1,0,0,1
315,0,1,0.9162708798428792,0.4327933656785018,0.7676298785983874,-0.11988611489111134,0.6792945838081278,0,1,0,0,0,1
316,1,0,-0.25482473201211503,-0.47454519624983954,-0.4736736092984604,-0.4902797934380587,-0.5609748304808925,0,0,1,0,0,1
317,1,0,-0.3926006863479967,0.4327933656785018,-0.4736736092984604,-0.12491978668775715,0.059159876663617626,0,1,0,0,0,1
318,0,1,1.6740386286902287,-0.47454519624983954,-0.4736736092984604,-0.36653603292675563,-0.5609748304808925,0,1,0,0,0,1
319,1,0,0.08961515382758917,-0.47454519624983954,2.0089333664952354,2.671117778445337,0.6792945838081278,1,0,0,0,0,1
320,1,0,0.7096069483390568,0.4327933656785018,0.7676298785983874,2.059693773056521,0.6792945838081278,1,0,0,1,0,0
321,0,1,-0.5303766406838785,-0.47454519624983954,-0.4736736092984604,-0.5024451714361923,-0.5609748304808925,0,0,1,0,0,1
322,0,1,-0.1859367548441742,-0.47454519624983954,-0.4736736092984604,-0.4894421904510968,-0.5609748304808925,0,0,1,0,0,1
323,1,0,0.020727176659648322,-0.47454519624983954,-0.4736736092984604,-0.3997582667846179,-0.5609748304808925,0,1,0,0,1,0
324,1,0,-0.5303766406838785,0.4327933656785018,0.7676298785983874,-0.06451572512800753,0.6792945838081278,0,1,0,0,0,1
326,1,0,0.43405503966729336,-0.47454519624983954,-0.4736736092984604,2.0825124140450755,-0.5609748304808925,1,0,0,1,0,0
327,0,1,2.1562544688658143,-0.47454519624983954,-0.4736736092984604,-0.5228315422126077,-0.5609748304808925,0,0,1,0,0,1
328,1,0,0.43405503966729336,-0.47454519624983954,-0.4736736092984604,-0.3866707201133388,-0.5609748304808925,0,1,0,0,0,1
329,1,0,0.08961515382758917,0.4327933656785018,0.7676298785983874,-0.2351571990343002,0.6792945838081278,0,0,1,0,0,1
330,1,0,-0.9437045036915235,-0.47454519624983954,0.7676298785983874,0.5189714017894245,0.059159876663617626,1,0,0,1,0,0
332,0,1,1.0884908227627315,-0.47454519624983954,-0.4736736092984604,-0.07458306872129913,-0.5609748304808925,1,0,0,0,0,1
333,0,1,0.571830994003175,-0.47454519624983954,0.7676298785983874,2.441497778832105,0.059159876663617626,1,0,0,0,0,1
334,0,1,-0.9437045036915235,1.340131927606843,-0.4736736092984604,-0.2859972841804228,0.6792945838081278,0,0,1,0,0,1
337,0,1,-0.04816080050829252,0.4327933656785018,-0.4736736092984604,0.6925485130875209,0.059159876663617626,1,0,0,0,0,1
338,1,0,0.7784949255069976,-0.47454519624983954,-0.4736736092984604,2.059693773056521,-0.5609748304808925,1,0,0,1,0,0
339,1,1,1.054046834178761,-0.47454519624983954,-0.4736736092984604,-0.4863374216869257,-0.5609748304808925,0,0,1,0,0,1
340,0,1,1.054046834178761,-0.47454519624983954,-0.4736736092984604,0.06635974158478332,-0.5609748304808925,1,0,0,0,0,1
341,1,1,-1.9081361840426954,0.4327933656785018,0.7676298785983874,-0.12491978668775715,0.6792945838081278,0,1,0,0,0,1
342,1,0,-0.3926006863479967,2.2474704895351842,2.0089333664952354,4.647001076532463,2.5396987052416584,1,0,0,0,0,1
343,0,1,-0.11704877767623337,-0.47454519624983954,-0.4736736092984604,-0.3866707201133388,-0.5609748304808925,0,1,0,0,0,1
344,0,1,-0.3237127091800559,-0.47454519624983954,-0.4736736092984604,-0.3866707201133388,-0.5609748304808925,0,1,0,0,0,1
345,0,1,0.43405503966729336,-0.47454519624983954,-0.4736736092984604,-0.3866707201133388,-0.5609748304808925,0,1,0,0,0,1
346,1,0,-0.3926006863479967,-0.47454519624983954,-0.4736736092984604,-0.3866707201133388,-0.5609748304808925,0,1,0,0,0,1
347,1,0,0.7096069483390568,-0.47454519624983954,-0.4736736092984604,-0.3866707201133388,-0.5609748304808925,0,1,0,0,0,1
349,1,1,-1.8392482068747544,0.4327933656785018,0.7676298785983874,-0.32828012727224753,0.6792945838081278,0,0,1,0,0,1
350,0,1,0.8473829026749384,-0.47454519624983954,-0.4736736092984604,-0.47400492578514347,-0.5609748304808925,0,0,1,0,0,1
351,0,1,-0.4614886635159376,-0.47454519624983954,-0.4736736092984604,-0.4626791642426904,-0.5609748304808925,0,0,1,0,0,1
353,0,1,-1.0125924808594644,0.4327933656785018,0.7676298785983874,-0.5028639729296732,0.6792945838081278,0,0,1,1,0,0
354,0,1,-0.3237127091800559,0.4327933656785018,-0.4736736092984604,-0.29002422161773944,0.059159876663617626,0,0,1,0,0,1
356,0,1,-0.11704877767623337,-0.47454519624983954,-0.4736736092984604,-0.45714212526638004,-0.5609748304808925,0,0,1,0,0,1
357,1,0,-0.5303766406838785,-0.47454519624983954,0.7676298785983874,0.4589861417231558,0.059159876663617626,1,0,0,0,0,1
358,0,0,0.571830994003175,-0.47454519624983954,-0.4736736092984604,-0.3866707201133388,-0.5609748304808925,0,1,0,0,0,1
361,0,1,0.7096069483390568,0.4327933656785018,4.491540342288931,-0.08666388103324908,2.5396987052416584,0,0,1,0,0,1
362,0,1,-0.04816080050829252,0.4327933656785018,-0.4736736092984604,-0.09027201697708476,0.059159876663617626,0,1,0,1,0,0
363,0,0,1.054046834178761,-0.47454519624983954,0.7676298785983874,-0.3573908580066095,0.059159876663617626,0,0,1,1,0,0
364,0,1,0.36516706249935255,-0.47454519624983954,-0.4736736092984604,-0.5064721088735089,-0.5609748304808925,0,0,1,0,0,1
366,0,1,0.020727176659648322,-0.47454519624983954,-0.4736736092984604,-0.5024451714361923,-0.5609748304808925,0,0,1,0,0,1
367,1,0,2.087366491697874,0.4327933656785018,-0.4736736092984604,0.8667135572514657,0.059159876663617626,1,0,0,1,0,0
370,1,0,-0.3926006863479967,-0.47454519624983954,-0.4736736092984604,0.7469121684912956,-0.5609748304808925,1,0,0,1,0,0
371,1,1,-0.3237127091800559,0.4327933656785018,-0.4736736092984604,0.4678796330534696,0.059159876663617626,1,0,0,1,0,0
372,0,1,-0.8059285493556418,0.4327933656785018,-0.4736736092984604,-0.5176307525123133,0.059159876663617626,0,0,1,0,0,1
373,0,1,-0.7370405721877009,-0.47454519624983954,-0.4736736092984604,-0.4863374216869257,-0.5609748304808925,0,0,1,0,0,1
374,0,1,-0.5303766406838785,-0.47454519624983954,-0.4736736092984604,2.0825124140450755,-0.5609748304808925,1,0,0,1,0,0
375,0,0,-1.8392482068747544,2.2474704895351842,0.7676298785983874,-0.22408312108167944,1.9195639980971482,0,0,1,0,0,1
377,1,0,-0.5303766406838785,-0.47454519624983954,-0.4736736092984604,-0.5024451714361923,-0.5609748304808925,0,0,1,0,0,1
378,0,1,-0.1859367548441742,-0.47454519624983954,2.0089333664952354,3.610064686423428,0.6792945838081278,1,0,0,1,0,0
379,0,1,-0.6681525950197601,-0.47454519624983954,-0.4736736092984604,-0.5676312212027554,-0.5609748304808925,0,0,1,1,0,0
380,0,1,-0.7370405721877009,-0.47454519624983954,-0.4736736092984604,-0.4918744606632361,-0.5609748304808925,0,0,1,0,0,1
381,1,0,0.8473829026749384,-0.47454519624983954,-0.4736736092984604,3.9327230485884233,-0.5609748304808925,1,0,0,1,0,0
382,1,0,-1.977024161210636,-0.47454519624983954,2.0089333664952354,-0.33146744825388363,0.6792945838081278,0,0,1,1,0,0
383,0,1,0.15850313099553,-0.47454519624983954,-0.4736736092984604,-0.4888542575852486,-0.5609748304808925,0,0,1,0,0,1
384,1,0,0.36516706249935255,0.4327933656785018,-0.4736736092984604,0.39858208016340624,0.059159876663617626,1,0,0,0,0,1
386,0,1,-0.8059285493556418,-0.47454519624983954,-0.4736736092984604,0.8314778546749452,-0.5609748304808925,0,1,0,0,0,1
387,0,1,-1.977024161210636,4.0621476133918675,2.0089333664952354,0.2958951755118318,3.779968119530679,0,0,1,0,0,1
388,1,0,0.43405503966729336,-0.47454519624983954,-0.4736736092984604,-0.3866707201133388,-0.5609748304808925,0,1,0,0,0,1
390,1,0,-0.8748165265235827,-0.47454519624983954,-0.4736736092984604,-0.40680540729992204,-0.5609748304808925,0,1,0,1,0,0
391,1,1,0.43405503966729336,0.4327933656785018,2.0089333664952354,1.7677408088510642,1.299429290952638,1,0,0,0,0,1
392,1,1,-0.5992646178518193,-0.47454519624983954,-0.4736736092984604,-0.49145565916975514,-0.5609748304808925,0,0,1,0,0,1
393,0,1,-0.11704877767623337,1.340131927606843,-0.4736736092984604,-0.4888542575852486,0.6792945838081278,0,0,1,0,0,1
394,1,0,-0.4614886635159376,0.4327933656785018,-0.4736736092984604,1.6323350375212924,0.059159876663617626,1,0,0,1,0,0
395,1,0,-0.3926006863479967,-0.47454519624983954,2.0089333664952354,-0.312172377522981,0.6792945838081278,0,0,1,0,0,1
396,0,1,-0.5303766406838785,-0.47454519624983954,-0.4736736092984604,-0.49145565916975514,-0.5609748304808925,0,0,1,0,0,1
397,0,0,0.08961515382758917,-0.47454519624983954,-0.4736736092984604,-0.4902797934380587,-0.5609748304808925,0,0,1,0,0,1
398,0,1,1.122934811346702,-0.47454519624983954,-0.4736736092984604,-0.12491978668775715,-0.5609748304808925,0,1,0,0,0,1
399,0,1,-0.4614886635159376,-0.47454519624983954,-0.4736736092984604,-0.43700743807979686,-0.5609748304808925,0,1,0,0,0,1
400,1,0,-0.11704877767623337,-0.47454519624983954,-0.4736736092984604,-0.393717860628643,-0.5609748304808925,0,1,0,0,0,1
401,1,1,0.6407189711711159,-0.47454519624983954,-0.4736736092984604,-0.4888542575852486,-0.5609748304808925,0,0,1,0,0,1
402,0,1,-0.25482473201211503,-0.47454519624983954,-0.4736736092984604,-0.4863374216869257,-0.5609748304808925,0,0,1,0,0,1
403,0,0,-0.5992646178518193,0.4327933656785018,-0.4736736092984604,-0.4505983519307405,0.059159876663617626,0,0,1,0,0,1
404,0,1,-0.11704877767623337,0.4327933656785018,-0.4736736092984604,-0.32928686163157667,0.059159876663617626,0,0,1,0,0,1
405,0,0,-0.6681525950197601,-0.47454519624983954,-0.4736736092984604,-0.47400492578514347,-0.5609748304808925,0,0,1,0,0,1
406,0,1,0.2962790853314117,0.4327933656785018,-0.4736736092984604,-0.22559322262067316,0.059159876663617626,0,1,0,0,0,1
407,0,1,1.4673746971864061,-0.47454519624983954,-0.4736736092984604,-0.49237782784290063,-0.5609748304808925,0,0,1,0,0,1
408,1,1,-1.8392482068747544,0.4327933656785018,0.7676298785983874,-0.2708962687904854,0.6792945838081278,0,1,0,0,0,1
409,0,1,-0.5992646178518193,-0.47454519624983954,-0.4736736092984604,-0.4918744606632361,-0.5609748304808925,0,0,1,0,0,1
413,1,0,0.22739110816347086,0.4327933656785018,-0.4736736092984604,1.163700193253568,0.059159876663617626,1,0,0,0,1,0
415,1,1,0.9851588570108202,-0.47454519624983954,-0.4736736092984604,-0.4888542575852486,-0.5609748304808925,0,0,1,0,0,1
417,1,0,0.2962790853314117,0.4327933656785018,0.7676298785983874,0.005955680025033696,0.6792945838081278,0,1,0,0,0,1
418,1,0,-0.8059285493556418,-0.47454519624983954,2.0089333664952354,-0.3866707201133388,0.6792945838081278,0,1,0,0,0,1
419,0,1,0.020727176659648322,-0.47454519624983954,-0.4736736092984604,-0.3866707201133388,-0.5609748304808925,0,1,0,0,0,1
420,0,0,-1.3570323666991686,-0.47454519624983954,2.0089333664952354,-0.1621689579829361,0.6792945838081278,0,0,1,0,0,1
422,0,1,-0.5992646178518193,-0.47454519624983954,-0.4736736092984604,-0.49271407711891657,-0.5609748304808925,0,0,1,0,1,0
423,0,1,-0.04816080050829252,-0.47454519624983954,-0.4736736092984604,-0.4898609919445778,-0.5609748304808925,0,0,1,0,0,1
424,0,0,-0.11704877767623337,0.4327933656785018,0.7676298785983874,-0.35848215805212236,0.6792945838081278,0,0,1,0,0,1
425,0,1,-0.8059285493556418,0.4327933656785018,0.7676298785983874,-0.2414492887801075,0.6792945838081278,0,0,1,0,0,1
427,1,0,-0.11704877767623337,0.4327933656785018,-0.4736736092984604,-0.12491978668775715,0.059159876663617626,0,1,0,0,0,1
428,1,0,-0.7370405721877009,-0.47454519624983954,-0.4736736092984604,-0.12491978668775715,-0.5609748304808925,0,1,0,0,0,1
430,1,1,0.15850313099553,-0.47454519624983954,-0.4736736092984604,-0.4863374216869257,-0.5609748304808925,0,0,1,0,0,1
431,1,1,-0.11704877767623337,-0.47454519624983954,-0.4736736092984604,-0.11384570873513637,-0.5609748304808925,1,0,0,0,0,1
433,1,0,0.8473829026749384,0.4327933656785018,-0.4736736092984604,-0.12491978668775715,0.059159876663617626,0,1,0,0,0,1
434,0,1,-0.8748165265235827,-0.47454519624983954,-0.4736736092984604,-0.5049620073345151,-0.5609748304808925,0,0,1,0,0,1
435,0,1,1.3984867200184652,0.4327933656785018,-0.4736736092984604,0.4771073601910807,0.059159876663617626,1,0,0,0,0,1
436,1,0,-1.0814804580274051,0.4327933656785018,2.0089333664952354,1.7677408088510642,1.299429290952638,1,0,0,0,0,1
437,0,0,-0.5992646178518193,1.340131927606843,2.0089333664952354,0.04370821849987721,1.9195639980971482,0,0,1,0,0,1
438,1,0,-0.3926006863479967,1.340131927606843,3.250236854392083,-0.2708962687904854,2.5396987052416584,0,1,0,0,0,1
439,0,1,2.362918400369637,0.4327933656785018,4.491540342288931,4.647001076532463,2.5396987052416584,1,0,0,0,0,1
440,0,1,0.08961515382758917,-0.47454519624983954,-0.4736736092984604,-0.43700743807979686,-0.5609748304808925,0,1,0,0,0,1
441,1,0,1.054046834178761,0.4327933656785018,0.7676298785983874,-0.11988611489111134,0.6792945838081278,0,1,0,0,0,1
442,0,1,-0.6681525950197601,-0.47454519624983954,-0.4736736092984604,-0.45714212526638004,-0.5609748304808925,0,0,1,0,0,1
443,0,1,-0.3237127091800559,0.4327933656785018,-0.4736736092984604,-0.4918744606632361,0.059159876663617626,0,0,1,0,0,1
444,1,0,-0.11704877767623337,-0.47454519624983954,-0.4736736092984604,-0.3866707201133388,-0.5609748304808925,0,1,0,0,0,1
446,1,1,-1.7703602297068137,-0.47454519624983954,2.0089333664952354,0.9997696105865636,0.6792945838081278,1,0,0,0,0,1
447,1,0,-1.150368435195346,-0.47454519624983954,0.7676298785983874,-0.255795253400548,0.059159876663617626,0,1,0,0,0,1
448,1,1,0.2962790853314117,-0.47454519624983954,-0.4736736092984604,-0.11384570873513637,-0.5609748304808925,1,0,0,0,0,1
449,1,0,-1.7014722525388728,1.340131927606843,0.7676298785983874,-0.26066180729354516,1.299429290952638,0,0,1,1,0,0
450,1,1,1.5362626743543468,-0.47454519624983954,-0.4736736092984604,-0.034313694348132716,-0.5609748304808925,1,0,0,0,0,1
451,0,1,0.43405503966729336,0.4327933656785018,2.0089333664952354,-0.08968408411123653,1.299429290952638,0,1,0,0,0,1
453,0,1,0.020727176659648322,-0.47454519624983954,-0.4736736092984604,-0.08968408411123653,-0.5609748304808925,1,0,0,1,0,0
454,1,1,1.3295987428505243,0.4327933656785018,-0.4736736092984604,1.145663540471827,0.059159876663617626,1,0,0,1,0,0
456,1,1,-0.04816080050829252,-0.47454519624983954,-0.4736736092984604,-0.4894421904510968,-0.5609748304808925,0,0,1,1,0,0
457,0,1,2.431806377537578,-0.47454519624983954,-0.4736736092984604,-0.11384570873513637,-0.5609748304808925,1,0,0,0,0,1
459,1,0,1.3984867200184652,-0.47454519624983954,-0.4736736092984604,-0.43700743807979686,-0.5609748304808925,0,1,0,0,0,1
461,1,1,1.2607107656825836,-0.47454519624983954,-0.4736736092984604,-0.11384570873513637,-0.5609748304808925,1,0,0,0,0,1
462,0,1,0.2962790853314117,-0.47454519624983954,-0.4736736092984604,-0.4863374216869257,-0.5609748304808925,0,0,1,0,0,1
463,0,1,1.1918227885146426,-0.47454519624983954,-0.4736736092984604,0.12676380314453292,-0.5609748304808925,1,0,0,0,0,1
464,0,1,1.2607107656825836,-0.47454519624983954,-0.4736736092984604,-0.3866707201133388,-0.5609748304808925,0,1,0,0,0,1
466,0,1,0.571830994003175,-0.47454519624983954,-0.4736736092984604,-0.5064721088735089,-0.5609748304808925,0,0,1,0,0,1
468,0,1,1.8118145830261103,-0.47454519624983954,-0.4736736092984604,-0.11384570873513637,-0.5609748304808925,1,0,0,0,0,1
470,1,0,-1.9942461555026214,1.340131927606843,0.7676298785983874,-0.26066180729354516,1.299429290952638,0,0,1,1,0,0
472,0,1,0.571830994003175,-0.47454519624983954,-0.4736736092984604,-0.47400492578514347,-0.5609748304808925,0,0,1,0,0,1
473,1,0,0.22739110816347086,0.4327933656785018,2.0089333664952354,-0.08968408411123653,1.299429290952638,0,1,0,0,0,1
474,1,0,-0.4614886635159376,-0.47454519624983954,-0.4736736092984604,-0.3707300882677209,-0.5609748304808925,0,1,0,1,0,0
475,0,0,-0.5303766406838785,-0.47454519624983954,-0.4736736092984604,-0.45034666834090825,-0.5609748304808925,0,0,1,0,0,1
477,0,1,0.2962790853314117,0.4327933656785018,-0.4736736092984604,-0.22559322262067316,0.059159876663617626,0,1,0,0,0,1
478,0,1,-0.04816080050829252,0.4327933656785018,-0.4736736092984604,-0.5065566745596926,0.059159876663617626,0,0,1,0,0,1
479,0,1,-0.5303766406838785,-0.47454519624983954,-0.4736736092984604,-0.4969926981460655,-0.5609748304808925,0,0,1,0,0,1
480,1,0,-1.9081361840426954,-0.47454519624983954,0.7676298785983874,-0.4010166847337793,0.059159876663617626,0,0,1,0,0,1
481,0,1,-1.4259203438671093,4.0621476133918675,2.0089333664952354,0.2958951755118318,3.779968119530679,0,0,1,0,0,1
483,0,1,1.3984867200184652,-0.47454519624983954,-0.4736736092984604,-0.4863374216869257,-0.5609748304808925,0,0,1,0,0,1
484,1,0,2.294030423201696,-0.47454519624983954,-0.4736736092984604,-0.455380340137554,-0.5609748304808925,0,0,1,0,0,1
485,1,1,-0.3237127091800559,0.4327933656785018,-0.4736736092984604,1.1854295476653287,0.059159876663617626,1,0,0,1,0,0
487,1,0,0.36516706249935255,0.4327933656785018,-0.4736736092984604,1.163700193253568,0.059159876663617626,1,0,0,0,0,1
488,0,1,1.949590537361992,-0.47454519624983954,-0.4736736092984604,-0.05042144409739929,-0.5609748304808925,1,0,0,1,0,0
489,0,1,0.020727176659648322,-0.47454519624983954,-0.4736736092984604,-0.4863374216869257,-0.5609748304808925,0,0,1,0,0,1
490,1,1,-1.4259203438671093,0.4327933656785018,0.7676298785983874,-0.32828012727224753,0.6792945838081278,0,0,1,0,0,1
492,0,1,-0.5992646178518193,-0.47454519624983954,-0.4736736092984604,-0.5024451714361923,-0.5609748304808925,0,0,1,0,0,1
493,0,1,1.7429266058581694,-0.47454519624983954,-0.4736736092984604,-0.034313694348132716,-0.5609748304808925,1,0,0,0,0,1
494,0,1,2.845134240545223,-0.47454519624983954,-0.4736736092984604,0.3483299278831318,-0.5609748304808925,1,0,0,1,0,0
495,0,1,-0.5992646178518193,-0.47454519624983954,-0.4736736092984604,-0.4863374216869257,-0.5609748304808925,0,0,1,0,0,1
497,1,0,1.6740386286902287,0.4327933656785018,-0.4736736092984604,0.9274538680872313,0.059159876663617626,1,0,0,1,0,0
499,0,0,-0.3237127091800559,0.4327933656785018,2.0089333664952354,2.4029901895877646,1.299429290952638,1,0,0,0,0,1
500,0,1,-0.3926006863479967,-0.47454519624983954,-0.4736736092984604,-0.49145565916975514,-0.5609748304808925,0,0,1,0,0,1
501,0,1,-0.8748165265235827,-0.47454519624983954,-0.4736736092984604,-0.47400492578514347,-0.5609748304808925,0,0,1,0,0,1
502,0,0,-0.5992646178518193,-0.47454519624983954,-0.4736736092984604,-0.49237782784290063,-0.5609748304808925,0,0,1,0,1,0
504,0,0,0.5029430168352342,-0.47454519624983954,-0.4736736092984604,-0.455380340137554,-0.5609748304808925,0,0,1,0,0,1
505,1,0,-0.9437045036915235,-0.47454519624983954,-0.4736736092984604,1.093228788100527,-0.5609748304808925,1,0,0,0,0,1
506,0,1,-0.8059285493556418,0.4327933656785018,-0.4736736092984604,1.5442457810799908,0.059159876663617626,1,0,0,1,0,0
507,1,0,0.22739110816347086,-0.47454519624983954,2.0089333664952354,-0.12491978668775715,0.6792945838081278,0,1,0,0,0,1
509,0,1,-0.11704877767623337,-0.47454519624983954,-0.4736736092984604,-0.1948878246611338,-0.5609748304808925,0,0,1,0,0,1
510,1,1,-0.25482473201211503,-0.47454519624983954,-0.4736736092984604,0.48910360681684706,-0.5609748304808925,0,0,1,0,0,1
511,1,1,-0.04816080050829252,-0.47454519624983954,-0.4736736092984604,-0.49237782784290063,-0.5609748304808925,0,0,1,0,1,0
513,1,1,0.43405503966729336,-0.47454519624983954,-0.4736736092984604,-0.11913106412161445,-0.5609748304808925,1,0,0,0,0,1
514,1,0,1.6740386286902287,0.4327933656785018,-0.4736736092984604,0.5475787653441219,0.059159876663617626,1,0,0,1,0,0
515,0,1,-0.3926006863479967,-0.47454519624983954,-0.4736736092984604,-0.4974960653257301,-0.5609748304808925,0,0,1,0,0,1
516,0,1,1.1918227885146426,-0.47454519624983954,-0.4736736092984604,0.036576512298389464,-0.5609748304808925,1,0,0,0,0,1
517,1,0,0.2962790853314117,-0.47454519624983954,-0.4736736092984604,-0.43700743807979686,-0.5609748304808925,0,1,0,0,0,1
519,1,0,0.43405503966729336,0.4327933656785018,-0.4736736092984604,-0.12491978668775715,0.059159876663617626,0,1,0,0,0,1
520,0,1,0.15850313099553,-0.47454519624983954,-0.4736736092984604,-0.4894421904510968,-0.5609748304808925,0,0,1,0,0,1
521,1,0,0.020727176659648322,-0.47454519624983954,-0.4736736092984604,1.2341715984066093,-0.5609748304808925,1,0,0,0,0,1
522,0,1,-0.5303766406838785,-0.47454519624983954,-0.4736736092984604,-0.4894421904510968,-0.5609748304808925,0,0,1,0,0,1
524,1,0,0.9851588570108202,-0.47454519624983954,0.7676298785983874,0.5189714017894245,0.059159876663617626,1,0,0,1,0,0
526,0,1,0.7440509369230272,-0.47454519624983954,-0.4736736092984604,-0.49237782784290063,-0.5609748304808925,0,0,1,0,1,0
527,1,0,1.3984867200184652,-0.47454519624983954,-0.4736736092984604,-0.43700743807979686,-0.5609748304808925,0,1,0,0,0,1
529,0,1,0.6407189711711159,-0.47454519624983954,-0.4736736092984604,-0.4888542575852486,-0.5609748304808925,0,0,1,0,0,1
530,0,1,-0.4614886635159376,1.340131927606843,0.7676298785983874,-0.41687275089321363,1.299429290952638,0,1,0,0,0,1
531,1,0,-1.9081361840426954,0.4327933656785018,0.7676298785983874,-0.12491978668775715,0.6792945838081278,0,1,0,0,0,1
533,0,1,-0.8748165265235827,0.4327933656785018,0.7676298785983874,-0.5028639729296732,0.6792945838081278,0,0,1,1,0,0
535,0,0,0.020727176659648322,-0.47454519624983954,-0.4736736092984604,-0.47400492578514347,-0.5609748304808925,0,0,1,0,0,1
536,1,0,-1.5636962982029912,-0.47454519624983954,2.0089333664952354,-0.11988611489111134,0.6792945838081278,0,1,0,0,0,1
537,0,1,1.054046834178761,-0.47454519624983954,-0.4736736092984604,-0.11384570873513637,-0.5609748304808925,1,0,0,0,0,1
538,1,0,0.020727176659648322,-0.47454519624983954,-0.4736736092984604,1.4944124302931971,-0.5609748304808925,1,0,0,1,0,0
540,1,0,-0.5303766406838785,-0.47454519624983954,2.0089333664952354,0.3482453621969482,0.6792945838081278,1,0,0,1,0,0
541,1,0,0.43405503966729336,-0.47454519624983954,2.0089333664952354,0.7811411367084872,0.6792945838081278,1,0,0,0,0,1
542,0,0,-1.4259203438671093,3.1548090514635256,2.0089333664952354,-0.01870931177853076,3.1598334123861687,0,0,1,0,0,1
543,0,0,-1.2881443895312277,3.1548090514635256,2.0089333664952354,-0.01870931177853076,3.1598334123861687,0,0,1,0,0,1
544,1,1,0.15850313099553,0.4327933656785018,-0.4736736092984604,-0.12491978668775715,0.059159876663617626,0,1,0,0,0,1
545,0,1,1.3984867200184652,0.4327933656785018,-0.4736736092984604,1.4944124302931971,0.059159876663617626,1,0,0,1,0,0
546,0,1,2.362918400369637,-0.47454519624983954,-0.4736736092984604,-0.12491978668775715,-0.5609748304808925,1,0,0,0,0,1
547,1,0,-0.7370405721877009,0.4327933656785018,-0.4736736092984604,-0.12491978668775715,0.059159876663617626,0,1,0,0,0,1
549,0,1,0.22739110816347086,0.4327933656785018,0.7676298785983874,-0.2351571990343002,0.6792945838081278,0,0,1,0,0,1
550,1,1,-1.4948083210350502,0.4327933656785018,0.7676298785983874,0.09152810056801232,0.6792945838081278,0,1,0,0,0,1
551,1,1,-0.8748165265235827,-0.47454519624983954,2.0089333664952354,1.5841789061771412,0.6792945838081278,1,0,0,1,0,0
552,0,1,-0.1859367548441742,-0.47454519624983954,-0.4736736092984604,-0.12491978668775715,-0.5609748304808925,0,1,0,0,0,1
554,1,1,-0.5303766406838785,-0.47454519624983954,-0.4736736092984604,-0.5029485386158568,-0.5609748304808925,0,0,1,1,0,0
555,1,0,-0.5303766406838785,-0.47454519624983954,-0.4736736092984604,-0.4918744606632361,-0.5609748304808925,0,0,1,0,0,1
556,0,1,2.225142446033755,-0.47454519624983954,-0.4736736092984604,-0.11384570873513637,-0.5609748304808925,1,0,0,0,0,1
557,1,0,1.2607107656825836,0.4327933656785018,-0.4736736092984604,0.1489119590497745,0.059159876663617626,1,0,0,1,0,0
559,1,0,0.6407189711711159,0.4327933656785018,0.7676298785983874,0.955306180872432,0.6792945838081278,1,0,0,0,0,1
560,1,0,0.43405503966729336,0.4327933656785018,-0.4736736092984604,-0.29807809649237277,0.059159876663617626,0,0,1,0,0,1
562,0,1,0.7096069483390568,-0.47454519624983954,-0.4736736092984604,-0.4894421904510968,-0.5609748304808925,0,0,1,0,0,1
563,0,1,-0.11704877767623337,-0.47454519624983954,-0.4736736092984604,-0.3766033765200472,-0.5609748304808925,0,1,0,0,0,1
566,0,1,-0.3926006863479967,1.340131927606843,-0.4736736092984604,-0.1621689579829361,0.6792945838081278,0,0,1,0,0,1
567,0,1,-0.7370405721877009,-0.47454519624983954,-0.4736736092984604,-0.4894421904510968,-0.5609748304808925,0,0,1,0,0,1
568,0,0,-0.04816080050829252,-0.47454519624983954,4.491540342288931,-0.22408312108167944,1.9195639980971482,0,0,1,0,0,1
570,1,1,0.15850313099553,-0.47454519624983954,-0.4736736092984604,-0.4902797934380587,-0.5609748304808925,0,0,1,0,0,1
571,1,1,2.225142446033755,-0.47454519624983954,-0.4736736092984604,-0.43700743807979686,-0.5609748304808925,0,1,0,0,0,1
572,1,0,1.6051506515222878,1.340131927606843,-0.4736736092984604,0.38809593507663365,0.6792945838081278,1,0,0,0,0,1
573,1,1,0.43405503966729336,-0.47454519624983954,-0.4736736092984604,-0.11711759540295616,-0.5609748304808925,1,0,0,0,0,1
575,0,1,-0.9437045036915235,-0.47454519624983954,-0.4736736092984604,-0.4863374216869257,-0.5609748304808925,0,0,1,0,0,1
576,0,1,-0.7370405721877009,-0.47454519624983954,-0.4736736092984604,-0.35646868933346404,-0.5609748304808925,0,0,1,0,0,1
577,1,0,0.2962790853314117,-0.47454519624983954,-0.4736736092984604,-0.3866707201133388,-0.5609748304808925,0,1,0,0,0,1
578,1,0,0.6407189711711159,0.4327933656785018,-0.4736736092984604,0.4771073601910807,0.059159876663617626,1,0,0,0,0,1
580,1,1,0.15850313099553,-0.47454519624983954,-0.4736736092984604,-0.4888542575852486,-0.5609748304808925,0,0,1,0,0,1
581,1,0,-0.3237127091800559,0.4327933656785018,0.7676298785983874,-0.04438103794142432,0.6792945838081278,0,1,0,0,0,1
582,1,0,0.6407189711711159,0.4327933656785018,0.7676298785983874,1.5841789061771412,0.6792945838081278,1,0,0,1,0,0
583,0,1,1.6740386286902287,-0.47454519624983954,-0.4736736092984604,-0.12491978668775715,-0.5609748304808925,0,1,0,0,0,1
584,0,1,0.43405503966729336,-0.47454519624983954,-0.4736736092984604,0.15948266982273065,-0.5609748304808925,1,0,0,1,0,0
586,1,0,-0.8059285493556418,-0.47454519624983954,2.0089333664952354,0.955306180872432,0.6792945838081278,1,0,0,0,0,1
587,0,1,1.1918227885146426,-0.47454519624983954,-0.4736736092984604,-0.3464013457401724,-0.5609748304808925,0,1,0,0,0,1
588,1,1,2.087366491697874,0.4327933656785018,0.7676298785983874,0.9462455716384695,0.6792945838081278,1,0,0,1,0,0
589,0,1,-0.5303766406838785,-0.47454519624983954,-0.4736736092984604,-0.4863374216869257,-0.5609748304808925,0,0,1,0,0,1
591,0,1,0.36516706249935255,-0.47454519624983954,-0.4736736092984604,-0.5049620073345151,-0.5609748304808925,0,0,1,0,0,1
592,1,0,1.5362626743543468,0.4327933656785018,-0.4736736092984604,0.9274538680872313,0.059159876663617626,1,0,0,1,0,0
593,0,1,1.1918227885146426,-0.47454519624983954,-0.4736736092984604,-0.5024451714361923,-0.5609748304808925,0,0,1,0,0,1
595,0,1,0.5029430168352342,0.4327933656785018,-0.4736736092984604,-0.12491978668775715,0.059159876663617626,0,1,0,0,0,1
596,0,1,0.43405503966729336,0.4327933656785018,0.7676298785983874,-0.1621689579829361,0.6792945838081278,0,0,1,0,0,1
598,0,1,1.3295987428505243,-0.47454519624983954,-0.4736736092984604,-0.6484216535389205,-0.5609748304808925,0,0,1,0,0,1
600,1,1,1.3295987428505243,0.4327933656785018,-0.4736736092984604,0.49782998024351216,0.059159876663617626,1,0,0,1,0,0
601,1,0,-0.3926006863479967,1.340131927606843,0.7676298785983874,-0.10478509950117394,1.299429290952638,0,1,0,0,0,1
604,0,1,0.9851588570108202,-0.47454519624983954,-0.4736736092984604,-0.4863374216869257,-0.5609748304808925,0,0,1,0,0,1
605,1,1,0.36516706249935255,-0.47454519624983954,-0.4736736092984604,-0.11384570873513637,-0.5609748304808925,1,0,0,1,0,0
606,0,1,0.43405503966729336,0.4327933656785018,-0.4736736092984604,-0.3353272677875516,0.059159876663617626,0,0,1,0,0,1
607,0,1,0.020727176659648322,-0.47454519624983954,-0.4736736092984604,-0.4894421904510968,-0.5609748304808925,0,0,1,0,0,1
608,1,1,-0.1859367548441742,-0.47454519624983954,-0.4736736092984604,-0.034313694348132716,-0.5609748304808925,1,0,0,0,0,1
609,1,0,-0.5303766406838785,0.4327933656785018,2.0089333664952354,0.18876253192945994,1.299429290952638,0,1,0,1,0,0
610,1,0,0.7096069483390568,-0.47454519624983954,-0.4736736092984604,2.441497778832105,-0.5609748304808925,1,0,0,0,0,1
611,0,0,0.6407189711711159,0.4327933656785018,5.73284383018578,-0.01870931177853076,3.1598334123861687,0,0,1,0,0,1
615,0,1,0.36516706249935255,-0.47454519624983954,-0.4736736092984604,-0.4863374216869257,-0.5609748304808925,0,0,1,0,0,1
616,1,0,-0.3926006863479967,0.4327933656785018,2.0089333664952354,0.6603330135889879,1.299429290952638,0,1,0,0,0,1
617,0,1,0.2962790853314117,0.4327933656785018,0.7676298785983874,-0.35848215805212236,0.6792945838081278,0,0,1,0,0,1
618,0,0,-0.25482473201211503,0.4327933656785018,-0.4736736092984604,-0.32425318983493084,0.059159876663617626,0,0,1,0,0,1
619,1,0,-1.7703602297068137,1.340131927606843,0.7676298785983874,0.13683114673782454,1.299429290952638,0,1,0,0,0,1
620,0,1,-0.25482473201211503,-0.47454519624983954,-0.4736736092984604,-0.43700743807979686,-0.5609748304808925,0,1,0,0,0,1
621,0,1,-0.1859367548441742,0.4327933656785018,-0.4736736092984604,-0.3573908580066095,0.059159876663617626,0,0,1,1,0,0
622,1,1,0.8473829026749384,0.4327933656785018,-0.4736736092984604,0.40974072380221066,0.059159876663617626,1,0,0,0,0,1
623,1,1,-0.6681525950197601,0.4327933656785018,0.7676298785983874,-0.33146744825388363,0.6792945838081278,0,0,1,1,0,0
624,0,1,-0.5992646178518193,-0.47454519624983954,-0.4736736092984604,-0.4902797934380587,-0.5609748304808925,0,0,1,0,0,1
625,0,1,-0.5992646178518193,-0.47454519624983954,-0.4736736092984604,-0.32425318983493084,-0.5609748304808925,0,0,1,0,0,1
626,0,1,2.1562544688658143,-0.47454519624983954,-0.4736736092984604,0.002347544081197954,-0.5609748304808925,1,0,0,0,0,1
627,0,1,1.880702560194051,-0.47454519624983954,-0.4736736092984604,-0.3997582667846179,-0.5609748304808925,0,1,0,0,1,0
628,1,0,-0.5992646178518193,-0.47454519624983954,-0.4736736092984604,0.921244330558889,-0.5609748304808925,1,0,0,0,0,1
629,0,1,-0.25482473201211503,-0.47454519624983954,-0.4736736092984604,-0.4894421904510968,-0.5609748304808925,0,0,1,0,0,1
631,1,1,3.4651260350566906,-0.47454519624983954,-0.4736736092984604,-0.04438103794142432,-0.5609748304808925,1,0,0,0,0,1
632,0,1,1.4673746971864061,-0.47454519624983954,-0.4736736092984604,-0.5063875431873253,-0.5609748304808925,0,0,1,0,0,1
633,1,1,0.15850313099553,-0.47454519624983954,-0.4736736092984604,-0.034313694348132716,-0.5609748304808925,1,0,0,1,0,0
635,0,0,-1.4259203438671093,2.2474704895351842,2.0089333664952354,-0.08666388103324908,2.5396987052416584,0,0,1,0,0,1
636,1,0,-0.11704877767623337,-0.47454519624983954,-0.4736736092984604,-0.3866707201133388,-0.5609748304808925,0,1,0,0,0,1
637,0,1,0.15850313099553,-0.47454519624983954,-0.4736736092984604,-0.4888542575852486,-0.5609748304808925,0,0,1,0,0,1
638,0,1,0.08961515382758917,0.4327933656785018,0.7676298785983874,-0.11988611489111134,0.6792945838081278,0,1,0,0,0,1
639,0,0,0.7784949255069976,-0.47454519624983954,5.73284383018578,0.1506737441786005,2.5396987052416584,0,0,1,0,0,1
641,0,1,-0.6681525950197601,-0.47454519624983954,-0.4736736092984604,-0.4902797934380587,-0.5609748304808925,0,0,1,0,0,1
642,1,0,-0.3926006863479967,-0.47454519624983954,-0.4736736092984604,0.7469121684912956,-0.5609748304808925,1,0,0,1,0,0
643,0,0,-1.9081361840426954,2.2474704895351842,2.0089333664952354,-0.08666388103324908,2.5396987052416584,0,0,1,0,0,1
645,1,0,-1.9942461555026214,1.340131927606843,0.7676298785983874,-0.26066180729354516,1.299429290952638,0,0,1,1,0,0
646,1,1,1.2607107656825836,0.4327933656785018,-0.4736736092984604,0.8964967865378598,0.059159876663617626,1,0,0,1,0,0
647,0,1,-0.7370405721877009,-0.47454519624983954,-0.4736736092984604,-0.4894421904510968,-0.5609748304808925,0,0,1,0,0,1
648,1,1,1.8118145830261103,-0.47454519624983954,-0.4736736092984604,0.06635974158478332,-0.5609748304808925,1,0,0,1,0,0
650,1,0,-0.4614886635159376,-0.47454519624983954,-0.4736736092984604,-0.49640476528021726,-0.5609748304808925,0,0,1,0,0,1
652,1,0,-0.8059285493556418,-0.47454519624983954,0.7676298785983874,-0.18532384824750675,0.059159876663617626,0,1,0,0,0,1
653,0,1,-0.5992646178518193,-0.47454519624983954,-0.4736736092984604,-0.47861979608830835,-0.5609748304808925,0,0,1,0,0,1
655,0,0,-0.8059285493556418,-0.47454519624983954,-0.4736736092984604,-0.5125125150294839,-0.5609748304808925,0,0,1,0,1,0
656,0,1,-0.3926006863479967,1.340131927606843,-0.4736736092984604,0.8314778546749452,0.6792945838081278,0,1,0,0,0,1
658,0,0,0.15850313099553,0.4327933656785018,0.7676298785983874,-0.3363340021468808,0.6792945838081278,0,0,1,0,1,0
659,0,1,-0.4614886635159376,-0.47454519624983954,-0.4736736092984604,-0.3866707201133388,-0.5609748304808925,0,1,0,0,0,1
660,0,1,1.949590537361992,-0.47454519624983954,2.0089333664952354,1.6323350375212924,0.6792945838081278,1,0,0,1,0,0
661,1,1,1.3984867200184652,1.340131927606843,-0.4736736092984604,2.042579288947925,0.6792945838081278,1,0,0,0,0,1
662,0,1,0.7096069483390568,-0.47454519624983954,-0.4736736092984604,-0.5029485386158568,-0.5609748304808925,0,0,1,1,0,0
663,0,1,1.1918227885146426,-0.47454519624983954,-0.4736736092984604,-0.13322534515222276,-0.5609748304808925,1,0,0,0,0,1
664,0,1,0.43405503966729336,-0.47454519624983954,-0.4736736092984604,-0.4974960653257301,-0.5609748304808925,0,0,1,0,0,1
665,1,1,-0.6681525950197601,0.4327933656785018,-0.4736736092984604,-0.4888542575852486,0.059159876663617626,0,0,1,0,0,1
666,0,1,0.15850313099553,1.340131927606843,-0.4736736092984604,0.8314778546749452,0.6792945838081278,0,1,0,0,0,1
667,0,1,-0.3237127091800559,-0.47454519624983954,-0.4736736092984604,-0.3866707201133388,-0.5609748304808925,0,1,0,0,0,1
669,0,1,0.9162708798428792,-0.47454519624983954,-0.4736736092984604,-0.4863374216869257,-0.5609748304808925,0,0,1,0,0,1
671,1,0,0.7096069483390568,0.4327933656785018,0.7676298785983874,0.13683114673782454,0.6792945838081278,0,1,0,0,0,1
672,0,1,0.08961515382758917,0.4327933656785018,-0.4736736092984604,0.39858208016340624,0.059159876663617626,1,0,0,0,0,1
673,0,1,2.776246263377282,-0.47454519624983954,-0.4736736092984604,-0.43700743807979686,-0.5609748304808925,0,1,0,0,0,1
674,1,1,0.08961515382758917,-0.47454519624983954,-0.4736736092984604,-0.3866707201133388,-0.5609748304808925,0,1,0,0,0,1
676,0,1,-0.8059285493556418,-0.47454519624983954,-0.4736736092984604,-0.4918744606632361,-0.5609748304808925,0,0,1,0,0,1
677,0,1,-0.3581566977640263,-0.47454519624983954,-0.4736736092984604,-0.4863374216869257,-0.5609748304808925,0,0,1,0,0,1
678,1,0,-0.8059285493556418,-0.47454519624983954,-0.4736736092984604,-0.45026210265472455,-0.5609748304808925,0,0,1,0,0,1
679,0,0,0.9162708798428792,0.4327933656785018,6.974147318082627,0.2958951755118318,3.779968119530679,0,0,1,0,0,1
680,1,1,0.43405503966729336,-0.47454519624983954,0.7676298785983874,9.667166525013505,0.059159876663617626,1,0,0,1,0,0
682,1,1,-0.1859367548441742,-0.47454519624983954,-0.4736736092984604,0.8964967865378598,-0.5609748304808925,1,0,0,1,0,0
683,0,1,-0.6681525950197601,-0.47454519624983954,-0.4736736092984604,-0.4626791642426904,-0.5609748304808925,0,0,1,0,0,1
684,0,1,-1.0814804580274051,4.0621476133918675,2.0089333664952354,0.2958951755118318,3.779968119530679,0,0,1,0,0,1
685,0,1,2.087366491697874,0.4327933656785018,0.7676298785983874,0.13683114673782454,0.6792945838081278,0,1,0,0,0,1
686,0,1,-0.3237127091800559,0.4327933656785018,2.0089333664952354,0.18876253192945994,1.299429290952638,0,1,0,1,0,0
687,0,1,-1.0814804580274051,3.1548090514635256,0.7676298785983874,0.1506737441786005,2.5396987052416584,0,0,1,0,0,1
688,0,1,-0.7370405721877009,-0.47454519624983954,-0.4736736092984604,-0.44363577710162005,-0.5609748304808925,0,0,1,0,0,1
689,0,1,-0.8059285493556418,-0.47454519624983954,-0.4736736092984604,-0.49145565916975514,-0.5609748304808925,0,0,1,0,0,1
690,1,0,-1.0125924808594644,-0.47454519624983954,0.7676298785983874,3.6067927997556075,0.059159876663617626,1,0,0,0,0,1
691,1,1,0.08961515382758917,0.4327933656785018,-0.4736736092984604,0.49925551609632224,0.059159876663617626,1,0,0,0,0,1
692,1,0,-1.7703602297068137,-0.47454519624983954,0.7676298785983874,-0.37828059596268965,0.059159876663617626,0,0,1,1,0,0
694,0,1,-0.3237127091800559,-0.47454519624983954,-0.4736736092984604,-0.5029485386158568,-0.5609748304808925,0,0,1,1,0,0
695,0,1,2.087366491697874,-0.47454519624983954,-0.4736736092984604,-0.11384570873513637,-0.5609748304808925,1,0,0,0,0,1
696,0,1,1.5362626743543468,-0.47454519624983954,-0.4736736092984604,-0.3766033765200472,-0.5609748304808925,0,1,0,0,0,1
697,0,1,0.9851588570108202,-0.47454519624983954,-0.4736736092984604,-0.4863374216869257,-0.5609748304808925,0,0,1,0,0,1
699,0,1,1.3295987428505243,0.4327933656785018,0.7676298785983874,1.5841789061771412,0.6792945838081278,1,0,0,1,0,0
700,0,1,0.8473829026749384,-0.47454519624983954,-0.4736736092984604,-0.494391296561559,-0.5609748304808925,0,0,1,0,0,1
701,1,0,-0.8059285493556418,0.4327933656785018,-0.4736736092984604,3.9327230485884233,0.059159876663617626,1,0,0,1,0,0
702,1,1,0.36516706249935255,-0.47454519624983954,-0.4736736092984604,-0.11913106412161445,-0.5609748304808925,1,0,0,0,0,1
703,0,0,-0.8059285493556418,-0.47454519624983954,0.7676298785983874,-0.3573908580066095,0.059159876663617626,0,0,1,1,0,0
704,0,1,-0.3237127091800559,-0.47454519624983954,-0.4736736092984604,-0.4925449457465493,-0.5609748304808925,0,0,1,0,1,0
705,0,1,-0.25482473201211503,0.4327933656785018,-0.4736736092984604,-0.4902797934380587,0.059159876663617626,0,0,1,0,0,1
706,0,1,0.6407189711711159,-0.47454519624983954,-0.4736736092984604,-0.12491978668775715,-0.5609748304808925,0,1,0,0,0,1
707,1,0,1.054046834178761,-0.47454519624983954,-0.4736736092984604,-0.3766033765200472,-0.5609748304808925,0,1,0,0,0,1
708,1,1,0.8473829026749384,-0.47454519624983954,-0.4736736092984604,-0.11913106412161445,-0.5609748304808925,1,0,0,0,0,1
709,1,0,-0.5303766406838785,-0.47454519624983954,-0.4736736092984604,2.4029901895877646,-0.5609748304808925,1,0,0,0,0,1
711,1,0,-0.3926006863479967,-0.47454519624983954,-0.4736736092984604,0.3483299278831318,-0.5609748304808925,1,0,0,1,0,0
713,1,1,1.2607107656825836,0.4327933656785018,-0.4736736092984604,0.39858208016340624,0.059159876663617626,1,0,0,0,0,1
714,0,1,-0.04816080050829252,-0.47454519624983954,-0.4736736092984604,-0.457478374542396,-0.5609748304808925,0,0,1,0,0,1
715,0,1,1.5362626743543468,-0.47454519624983954,-0.4736736092984604,-0.3866707201133388,-0.5609748304808925,0,1,0,0,0,1
716,0,1,-0.7370405721877009,-0.47454519624983954,-0.4736736092984604,-0.494391296561559,-0.5609748304808925,0,0,1,0,0,1
717,1,0,0.571830994003175,-0.47454519624983954,-0.4736736092984604,3.9327230485884233,-0.5609748304808925,1,0,0,1,0,0
718,1,0,-0.1859367548441742,-0.47454519624983954,-0.4736736092984604,-0.43700743807979686,-0.5609748304808925,0,1,0,0,0,1
720,0,1,0.22739110816347086,-0.47454519624983954,-0.4736736092984604,-0.4918744606632361,-0.5609748304808925,0,0,1,0,0,1
721,1,0,-1.6325842753709319,-0.47454519624983954,0.7676298785983874,0.016023023618325298,0.059159876663617626,0,1,0,0,0,1
722,0,1,-0.8748165265235827,0.4327933656785018,-0.4736736092984604,-0.5063875431873253,0.059159876663617626,0,0,1,0,0,1
723,0,1,0.2962790853314117,-0.47454519624983954,-0.4736736092984604,-0.3866707201133388,-0.5609748304808925,0,1,0,0,0,1
724,0,1,1.3984867200184652,-0.47454519624983954,-0.4736736092984604,-0.3866707201133388,-0.5609748304808925,0,1,0,0,0,1
725,1,1,-0.1859367548441742,0.4327933656785018,-0.4736736092984604,0.4207302360686478,0.059159876663617626,1,0,0,0,0,1
726,0,1,-0.6681525950197601,-0.47454519624983954,-0.4736736092984604,-0.47400492578514347,-0.5609748304808925,0,0,1,0,0,1
727,1,0,0.020727176659648322,2.2474704895351842,-0.4736736092984604,-0.22559322262067316,1.299429290952638,0,1,0,0,0,1
729,0,1,-0.3237127091800559,0.4327933656785018,-0.4736736092984604,-0.12491978668775715,0.059159876663617626,0,1,0,0,0,1
730,0,0,-0.3237127091800559,0.4327933656785018,-0.4736736092984604,-0.4888542575852486,0.059159876663617626,0,0,1,0,0,1
731,1,0,-0.04816080050829252,-0.47454519624983954,-0.4736736092984604,3.6067927997556075,-0.5609748304808925,1,0,0,0,0,1
732,0,1,-1.2881443895312277,-0.47454519624983954,-0.4736736092984604,-0.2701412180209885,-0.5609748304808925,0,0,1,1,0,0
734,0,1,-0.4614886635159376,-0.47454519624983954,-0.4736736092984604,-0.3866707201133388,-0.5609748304808925,0,1,0,0,0,1
735,0,1,-0.4614886635159376,-0.47454519624983954,-0.4736736092984604,-0.3866707201133388,-0.5609748304808925,0,1,0,0,0,1
736,0,1,-0.08260478909226295,-0.47454519624983954,-0.4736736092984604,-0.32425318983493084,-0.5609748304808925,0,0,1,0,0,1
737,0,0,1.2607107656825836,0.4327933656785018,3.250236854392083,0.04370821849987721,1.9195639980971482,0,0,1,0,0,1
738,1,1,0.36516706249935255,-0.47454519624983954,-0.4736736092984604,9.667166525013505,-0.5609748304808925,1,0,0,1,0,0
742,0,1,0.43405503966729336,0.4327933656785018,-0.4736736092984604,0.9391984311231651,0.059159876663617626,1,0,0,0,0,1
743,1,0,-0.5992646178518193,1.340131927606843,2.0089333664952354,4.634416897040849,1.9195639980971482,1,0,0,1,0,0
744,0,1,-0.3926006863479967,0.4327933656785018,-0.4736736092984604,-0.32425318983493084,0.059159876663617626,0,0,1,0,0,1
745,1,1,0.08961515382758917,-0.47454519624983954,-0.4736736092984604,-0.4888542575852486,-0.5609748304808925,0,0,1,0,0,1
746,0,1,2.776246263377282,0.4327933656785018,0.7676298785983874,0.7811411367084872,0.6792945838081278,1,0,0,0,0,1
747,0,1,-0.9437045036915235,0.4327933656785018,0.7676298785983874,-0.24069423801061057,0.6792945838081278,0,0,1,0,0,1
748,1,0,0.020727176659648322,-0.47454519624983954,-0.4736736092984604,-0.3866707201133388,-0.5609748304808925,0,1,0,0,0,1
749,0,1,-0.7370405721877009,0.4327933656785018,-0.4736736092984604,0.4207302360686478,0.059159876663617626,1,0,0,0,0,1
750,0,1,0.08961515382758917,-0.47454519624983954,-0.4736736092984604,-0.49237782784290063,-0.5609748304808925,0,0,1,0,1,0
751,1,0,-1.7703602297068137,0.4327933656785018,0.7676298785983874,-0.18532384824750675,0.6792945838081278,0,1,0,0,0,1
752,1,1,-1.6325842753709319,-0.47454519624983954,0.7676298785983874,-0.397241430886295,0.059159876663617626,0,0,1,0,0,1
753,0,1,0.22739110816347086,-0.47454519624983954,-0.4736736092984604,-0.45714212526638004,-0.5609748304808925,0,0,1,0,0,1
754,0,1,-0.4614886635159376,-0.47454519624983954,-0.4736736092984604,-0.4894421904510968,-0.5609748304808925,0,0,1,0,0,1
755,1,0,1.2607107656825836,0.4327933656785018,2.0089333664952354,0.6603330135889879,1.299429290952638,0,1,0,0,0,1
756,1,1,-1.9997571936760565,0.4327933656785018,0.7676298785983874,-0.35646868933346404,0.6792945838081278,0,1,0,0,0,1
757,0,1,-0.11704877767623337,-0.47454519624983954,-0.4736736092984604,-0.49145565916975514,-0.5609748304808925,0,0,1,0,0,1
758,0,1,-0.8059285493556418,-0.47454519624983954,-0.4736736092984604,-0.41687275089321363,-0.5609748304808925,0,1,0,0,0,1
759,0,1,0.2962790853314117,-0.47454519624983954,-0.4736736092984604,-0.4863374216869257,-0.5609748304808925,0,0,1,0,0,1
760,1,0,0.22739110816347086,-0.47454519624983954,-0.4736736092984604,1.093228788100527,-0.5609748304808925,1,0,0,0,0,1
762,0,1,0.7784949255069976,-0.47454519624983954,-0.4736736092984604,-0.5049620073345151,-0.5609748304808925,0,0,1,0,0,1
763,1,1,-0.6681525950197601,-0.47454519624983954,-0.4736736092984604,-0.5028639729296732,-0.5609748304808925,0,0,1,1,0,0
764,1,0,0.43405503966729336,0.4327933656785018,2.0089333664952354,1.7677408088510642,1.299429290952638,1,0,0,0,0,1
765,0,1,-0.9437045036915235,-0.47454519624983954,-0.4736736092984604,-0.4918744606632361,-0.5609748304808925,0,0,1,0,0,1
766,1,0,1.4673746971864061,0.4327933656785018,-0.4736736092984604,0.921244330558889,0.059159876663617626,1,0,0,0,0,1
768,0,0,0.055171165243618744,-0.47454519624983954,-0.4736736092984604,-0.49237782784290063,-0.5609748304808925,0,0,1,0,1,0
770,0,1,0.15850313099553,-0.47454519624983954,-0.4736736092984604,-0.4800453319411184,-0.5609748304808925,0,0,1,0,0,1
771,0,1,-0.3926006863479967,-0.47454519624983954,-0.4736736092984604,-0.45714212526638004,-0.5609748304808925,0,0,1,0,0,1
772,0,1,1.2607107656825836,-0.47454519624983954,-0.4736736092984604,-0.4902797934380587,-0.5609748304808925,0,0,1,0,0,1
773,0,0,1.880702560194051,-0.47454519624983954,-0.4736736092984604,-0.43700743807979686,-0.5609748304808925,0,1,0,0,0,1
775,1,0,1.6740386286902287,0.4327933656785018,3.250236854392083,-0.18532384824750675,1.9195639980971482,0,1,0,0,0,1
776,0,1,-0.8059285493556418,-0.47454519624983954,-0.4736736092984604,-0.49237782784290063,-0.5609748304808925,0,0,1,0,0,1
778,1,0,-1.7014722525388728,-0.47454519624983954,-0.4736736092984604,-0.397241430886295,-0.5609748304808925,0,0,1,0,0,1
780,1,0,0.9162708798428792,-0.47454519624983954,0.7676298785983874,3.6067927997556075,0.059159876663617626,1,0,0,0,0,1
781,1,0,-1.150368435195346,-0.47454519624983954,-0.4736736092984604,-0.5028639729296732,-0.5609748304808925,0,0,1,1,0,0
782,1,0,-0.8748165265235827,0.4327933656785018,-0.4736736092984604,0.49925551609632224,0.059159876663617626,1,0,0,0,0,1
783,0,1,-0.04816080050829252,-0.47454519624983954,-0.4736736092984604,-0.04438103794142432,-0.5609748304808925,1,0,0,0,0,1
785,0,1,-0.3237127091800559,-0.47454519624983954,-0.4736736092984604,-0.5064721088735089,-0.5609748304808925,0,0,1,0,0,1
786,0,1,-0.3237127091800559,-0.47454519624983954,-0.4736736092984604,-0.5024451714361923,-0.5609748304808925,0,0,1,0,0,1
787,1,0,-0.8059285493556418,-0.47454519624983954,-0.4736736092984604,-0.4974960653257301,-0.5609748304808925,0,0,1,0,0,1
788,0,1,-1.4948083210350502,3.1548090514635256,0.7676298785983874,-0.06199888922968463,2.5396987052416584,0,0,1,0,1,0
789,1,1,-1.977024161210636,0.4327933656785018,2.0089333664952354,-0.23415046467497105,1.299429290952638,0,0,1,0,0,1
790,0,1,1.122934811346702,-0.47454519624983954,-0.4736736092984604,0.9462455716384695,-0.5609748304808925,1,0,0,1,0,0
792,0,1,-0.9437045036915235,-0.47454519624983954,-0.4736736092984604,-0.12491978668775715,-0.5609748304808925,0,1,0,0,0,1
795,0,1,-0.3237127091800559,-0.47454519624983954,-0.4736736092984604,-0.4894421904510968,-0.5609748304808925,0,0,1,0,0,1
796,0,1,0.6407189711711159,-0.47454519624983954,-0.4736736092984604,-0.3866707201133388,-0.5609748304808925,0,1,0,0,0,1
797,1,0,1.3295987428505243,-0.47454519624983954,-0.4736736092984604,-0.1263453225405672,-0.5609748304808925,1,0,0,0,0,1
798,1,0,0.08961515382758917,-0.47454519624983954,-0.4736736092984604,-0.4735861242916626,-0.5609748304808925,0,0,1,0,0,1
799,0,1,0.020727176659648322,-0.47454519624983954,-0.4736736092984604,-0.5028639729296732,-0.5609748304808925,0,0,1,1,0,0
800,0,0,0.020727176659648322,0.4327933656785018,0.7676298785983874,-0.1621689579829361,0.6792945838081278,0,0,1,0,0,1
801,0,1,0.2962790853314117,-0.47454519624983954,-0.4736736092984604,-0.3866707201133388,-0.5609748304808925,0,1,0,0,0,1
802,1,0,0.08961515382758917,0.4327933656785018,0.7676298785983874,-0.11988611489111134,0.6792945838081278,0,1,0,0,0,1
803,1,1,-1.2881443895312277,0.4327933656785018,2.0089333664952354,1.7677408088510642,1.299429290952638,1,0,0,0,0,1
804,1,1,-2.0169791879680417,-0.47454519624983954,0.7676298785983874,-0.47694056317694733,0.059159876663617626,0,0,1,1,0,0
805,1,1,-0.1859367548441742,-0.47454519624983954,-0.4736736092984604,-0.5079822104125026,-0.5609748304808925,0,0,1,0,0,1
806,0,1,0.08961515382758917,-0.47454519624983954,-0.4736736092984604,-0.4918744606632361,-0.5609748304808925,0,0,1,0,0,1
807,0,1,0.6407189711711159,-0.47454519624983954,-0.4736736092984604,-0.6484216535389205,-0.5609748304808925,1,0,0,0,0,1
808,0,0,-0.8059285493556418,-0.47454519624983954,-0.4736736092984604,-0.4918744606632361,-0.5609748304808925,0,0,1,0,0,1
809,0,1,0.6407189711711159,-0.47454519624983954,-0.4736736092984604,-0.3866707201133388,-0.5609748304808925,0,1,0,0,0,1
810,1,0,0.22739110816347086,0.4327933656785018,-0.4736736092984604,0.4207302360686478,0.059159876663617626,1,0,0,0,0,1
811,0,1,-0.25482473201211503,-0.47454519624983954,-0.4736736092984604,-0.4896093083547455,-0.5609748304808925,0,0,1,0,0,1
812,0,1,0.6407189711711159,-0.47454519624983954,-0.4736736092984604,-0.1621689579829361,-0.5609748304808925,0,0,1,0,0,1
813,0,1,0.36516706249935255,-0.47454519624983954,-0.4736736092984604,-0.43700743807979686,-0.5609748304808925,0,1,0,0,0,1
814,0,0,-1.6325842753709319,3.1548090514635256,2.0089333664952354,-0.01870931177853076,3.1598334123861687,0,0,1,0,0,1
815,0,1,0.055171165243618744,-0.47454519624983954,-0.4736736092984604,-0.4863374216869257,-0.5609748304808925,0,0,1,0,0,1
817,0,0,-0.4614886635159376,-0.47454519624983954,-0.4736736092984604,-0.4888542575852486,-0.5609748304808925,0,0,1,0,0,1
818,0,1,0.08961515382758917,0.4327933656785018,0.7676298785983874,0.09664633805084172,0.6792945838081278,0,1,0,1,0,0
819,0,1,0.9162708798428792,-0.47454519624983954,-0.4736736092984604,-0.5185529211854588,-0.5609748304808925,0,0,1,0,0,1
820,0,1,-1.3570323666991686,2.2474704895351842,2.0089333664952354,-0.08666388103324908,2.5396987052416584,0,0,1,0,0,1
821,1,0,1.5362626743543468,0.4327933656785018,0.7676298785983874,1.2341715984066093,0.6792945838081278,1,0,0,0,0,1
822,1,1,-0.1859367548441742,-0.47454519624983954,-0.4736736092984604,-0.47400492578514347,-0.5609748304808925,0,0,1,0,0,1
823,0,1,0.571830994003175,-0.47454519624983954,-0.4736736092984604,-0.6484216535389205,-0.5609748304808925,1,0,0,0,0,1
824,1,0,-0.1859367548441742,-0.47454519624983954,0.7676298785983874,-0.397241430886295,0.059159876663617626,0,0,1,0,0,1
825,0,1,-1.9081361840426954,3.1548090514635256,0.7676298785983874,0.1506737441786005,2.5396987052416584,0,0,1,0,0,1
828,1,1,-1.977024161210636,-0.47454519624983954,2.0089333664952354,0.09664633805084172,0.6792945838081278,0,1,0,1,0,0
831,1,0,-1.0125924808594644,0.4327933656785018,-0.4736736092984604,-0.3573908580066095,0.059159876663617626,0,0,1,1,0,0
832,1,1,-1.9887351173291863,0.4327933656785018,0.7676298785983874,-0.2708962687904854,0.6792945838081278,0,1,0,0,0,1
834,0,1,-0.4614886635159376,-0.47454519624983954,-0.4736736092984604,-0.4902797934380587,-0.5609748304808925,0,0,1,0,0,1
835,0,1,-0.8059285493556418,-0.47454519624983954,-0.4736736092984604,-0.48130374989027985,-0.5609748304808925,0,0,1,0,0,1
836,1,0,0.6407189711711159,0.4327933656785018,0.7676298785983874,1.0259447039291216,0.6792945838081278,1,0,0,1,0,0
837,0,1,-0.5992646178518193,-0.47454519624983954,-0.4736736092984604,-0.47400492578514347,-0.5609748304808925,0,0,1,0,0,1
839,1,1,0.15850313099553,-0.47454519624983954,-0.4736736092984604,0.48910360681684706,-0.5609748304808925,0,0,1,0,0,1
841,0,1,-0.6681525950197601,-0.47454519624983954,-0.4736736092984604,-0.4888542575852486,-0.5609748304808925,0,0,1,0,0,1
842,0,1,-0.9437045036915235,-0.47454519624983954,-0.4736736092984604,-0.43700743807979686,-0.5609748304808925,0,1,0,0,0,1
843,1,0,0.020727176659648322,-0.47454519624983954,-0.4736736092984604,-0.024246350754841113,-0.5609748304808925,1,0,0,1,0,0
844,0,1,0.33072307391538214,-0.47454519624983954,-0.4736736092984604,-0.5188046047752911,-0.5609748304808925,0,0,1,1,0,0
845,0,1,-0.8748165265235827,-0.47454519624983954,-0.4736736092984604,-0.47400492578514347,-0.5609748304808925,0,0,1,0,0,1
846,0,1,0.8473829026749384,-0.47454519624983954,-0.4736736092984604,-0.49640476528021726,-0.5609748304808925,0,0,1,0,0,1
848,0,1,0.36516706249935255,-0.47454519624983954,-0.4736736092984604,-0.4894421904510968,-0.5609748304808925,0,0,1,1,0,0
849,0,1,-0.11704877767623337,-0.47454519624983954,0.7676298785983874,0.016023023618325298,0.059159876663617626,0,1,0,0,0,1
851,0,1,-1.7703602297068137,3.1548090514635256,2.0089333664952354,-0.01870931177853076,3.1598334123861687,0,0,1,0,0,1
852,0,1,3.0517981720490455,-0.47454519624983954,-0.4736736092984604,-0.4918744606632361,-0.5609748304808925,0,0,1,0,0,1
853,0,0,-1.4259203438671093,0.4327933656785018,0.7676298785983874,-0.3414522396297103,0.6792945838081278,0,0,1,1,0,0
854,1,0,-0.9437045036915235,-0.47454519624983954,0.7676298785983874,0.14488502161245778,0.059159876663617626,1,0,0,0,0,1
855,0,0,0.9851588570108202,0.4327933656785018,-0.4736736092984604,-0.12491978668775715,0.059159876663617626,0,1,0,0,0,1
856,1,0,-0.8059285493556418,-0.47454519624983954,0.7676298785983874,-0.4601623283443675,0.059159876663617626,0,0,1,0,0,1
857,1,0,1.054046834178761,0.4327933656785018,0.7676298785983874,2.671117778445337,0.6792945838081278,1,0,0,0,0,1
858,1,1,1.4673746971864061,-0.47454519624983954,-0.4736736092984604,-0.11384570873513637,-0.5609748304808925,1,0,0,0,0,1
859,1,0,-0.3926006863479967,-0.47454519624983954,3.250236854392083,-0.26066180729354516,1.299429290952638,0,0,1,1,0,0
861,0,1,0.7784949255069976,1.340131927606843,-0.4736736092984604,-0.36435544630444866,0.6792945838081278,0,0,1,0,0,1
862,0,1,-0.5992646178518193,0.4327933656785018,-0.4736736092984604,-0.41687275089321363,0.059159876663617626,0,1,0,0,0,1
863,1,0,1.2607107656825836,-0.47454519624983954,-0.4736736092984604,-0.1263453225405672,-0.5609748304808925,1,0,0,0,0,1
865,0,1,-0.3926006863479967,-0.47454519624983954,-0.4736736092984604,-0.3866707201133388,-0.5609748304808925,0,1,0,0,0,1
866,1,0,0.8473829026749384,-0.47454519624983954,-0.4736736092984604,-0.3866707201133388,-0.5609748304808925,0,1,0,0,0,1
867,1,0,-0.1859367548441742,0.4327933656785018,-0.4736736092984604,-0.3693891181010945,0.059159876663617626,0,1,0,1,0,0
868,0,1,0.08961515382758917,-0.47454519624983954,-0.4736736092984604,0.3682954836973478,-0.5609748304808925,1,0,0,0,0,1
870,1,1,-1.7703602297068137,0.4327933656785018,0.7676298785983874,-0.4242561406845337,0.6792945838081278,0,0,1,0,0,1
871,0,1,-0.25482473201211503,-0.47454519624983954,-0.4736736092984604,-0.4894421904510968,-0.5609748304808925,0,0,1,0,0,1
872,1,0,1.1918227885146426,0.4327933656785018,0.7676298785983874,0.40974072380221066,0.6792945838081278,1,0,0,0,0,1
873,0,1,0.22739110816347086,-0.47454519624983954,-0.4736736092984604,-0.5477482176060045,-0.5609748304808925,1,0,0,0,0,1
874,0,1,1.1918227885146426,-0.47454519624983954,-0.4736736092984604,-0.46720946885967163,-0.5609748304808925,0,0,1,0,0,1
875,1,0,-0.11704877767623337,0.4327933656785018,-0.4736736092984604,-0.16518916106092355,0.059159876663617626,0,1,0,1,0,0
876,1,0,-1.0125924808594644,-0.47454519624983954,-0.4736736092984604,-0.5029485386158568,-0.5609748304808925,0,0,1,1,0,0
877,0,1,-0.6681525950197601,-0.47454519624983954,-0.4736736092984604,-0.45017955043725955,-0.5609748304808925,0,0,1,0,0,1
878,0,1,-0.7370405721877009,-0.47454519624983954,-0.4736736092984604,-0.4894421904510968,-0.5609748304808925,0,0,1,0,0,1
880,1,0,1.8118145830261103,-0.47454519624983954,0.7676298785983874,1.0259447039291216,0.059159876663617626,1,0,0,1,0,0
881,1,0,-0.3237127091800559,-0.47454519624983954,0.7676298785983874,-0.12491978668775715,0.059159876663617626,0,1,0,0,0,1
882,0,1,0.22739110816347086,-0.47454519624983954,-0.4736736092984604,-0.4894421904510968,-0.5609748304808925,0,0,1,0,0,1
883,0,0,-0.5303766406838785,-0.47454519624983954,-0.4736736092984604,-0.4366711888037809,-0.5609748304808925,0,0,1,0,0,1
884,0,1,-0.11704877767623337,-0.47454519624983954,-0.4736736092984604,-0.43700743807979686,-0.5609748304808925,0,1,0,0,0,1
885,0,1,-0.3237127091800559,-0.47454519624983954,-0.4736736092984604,-0.5064721088735089,-0.5609748304808925,0,0,1,0,0,1
886,0,0,0.6407189711711159,-0.47454519624983954,5.73284383018578,-0.06199888922968463,2.5396987052416584,0,0,1,0,1,0
887,0,1,-0.1859367548441742,-0.47454519624983954,-0.4736736092984604,-0.3866707201133388,-0.5609748304808925,0,1,0,0,0,1
888,1,0,-0.7370405721877009,-0.47454519624983954,-0.4736736092984604,-0.04438103794142432,-0.5609748304808925,1,0,0,0,0,1
890,1,1,-0.25482473201211503,-0.47454519624983954,-0.4736736092984604,-0.04438103794142432,-0.5609748304808925,1,0,0,1,0,0
891,0,1,0.15850313099553,-0.47454519624983954,-0.4736736092984604,-0.49237782784290063,-0.5609748304808925,0,0,1,0,1,0
