PassengerId,Survived,Pclass,Sex,Age,SibSp,Parch,Fare,Embarked,Family Size
1,0,3,1,-0.5303766406838785,0.4327933656785018,-0.4736736092984604,-0.5024451714361923,S,0.059159876663617626
2,1,1,0,0.571830994003175,0.4327933656785018,-0.4736736092984604,0.7868452935884461,C,0.059159876663617626
3,1,3,0,-0.25482473201211503,-0.47454519624983954,-0.4736736092984604,-0.4888542575852486,S,-0.5609748304808925
4,1,1,0,0.36516706249935255,0.4327933656785018,-0.4736736092984604,0.4207302360686478,S,0.059159876663617626
5,0,3,1,0.36516706249935255,-0.47454519624983954,-0.4736736092984604,-0.4863374216869257,S,-0.5609748304808925
7,0,1,1,1.6740386286902287,-0.47454519624983954,-0.4736736092984604,0.395813560675251,S,-0.5609748304808925
8,0,3,1,-1.9081361840426954,2.2474704895351842,0.7676298785983874,-0.22408312108167944,S,1.9195639980971482
9,1,3,0,-0.1859367548441742,-0.47454519624983954,2.0089333664952354,-0.4242561406845337,S,0.6792945838081278
10,1,2,0,-1.0814804580274051,0.4327933656785018,-0.4736736092984604,-0.04295550208861426,C,0.059159876663617626
11,1,3,0,-1.7703602297068137,0.4327933656785018,0.7676298785983874,-0.312172377522981,S,0.6792945838081278
12,1,1,0,1.949590537361992,-0.47454519624983954,-0.4736736092984604,-0.11384570873513637,S,-0.5609748304808925
13,0,3,1,-0.6681525950197601,-0.47454519624983954,-0.4736736092984604,-0.4863374216869257,S,-0.5609748304808925
14,0,3,1,0.6407189711711159,0.4327933656785018,5.73284383018578,-0.01870931177853076,S,3.1598334123861687
15,0,3,0,-1.0814804580274051,-0.47454519624983954,-0.4736736092984604,-0.4902797934380587,S,-0.5609748304808925
16,1,2,0,1.7429266058581694,-0.47454519624983954,-0.4736736092984604,-0.3262666585535892,S,-0.5609748304808925
17,0,3,1,-1.9081361840426954,3.1548090514635256,0.7676298785983874,-0.06199888922968463,Q,2.5396987052416584
19,0,3,0,0.08961515382758917,0.4327933656785018,-0.4736736092984604,-0.2859972841804228,S,0.059159876663617626
21,0,2,1,0.36516706249935255,-0.47454519624983954,-0.4736736092984604,-0.12491978668775715,S,-0.5609748304808925
22,1,2,1,0.2962790853314117,-0.47454519624983954,-0.4736736092984604,-0.3866707201133388,S,-0.5609748304808925
23,1,3,0,-1.0125924808594644,-0.47454519624983954,-0.4736736092984604,-0.4867562231804066,Q,-0.5609748304808925
24,1,1,1,-0.11704877767623337,-0.47454519624983954,-0.4736736092984604,0.06635974158478332,S,-0.5609748304808925
25,0,3,0,-1.4948083210350502,2.2474704895351842,0.7676298785983874,-0.22408312108167944,S,1.9195639980971482
26,1,3,0,0.571830994003175,0.4327933656785018,5.73284383018578,-0.016444159470040135,S,3.1598334123861687
28,0,1,1,-0.7370405721877009,2.2474704895351842,2.0089333664952354,4.647001076532463,S,2.5396987052416584
31,0,1,1,0.7096069483390568,-0.47454519624983954,-0.4736736092984604,-0.09027201697708476,C,-0.5609748304808925
34,0,2,1,2.500694354705519,-0.47454519624983954,-0.4736736092984604,-0.43700743807979686,S,-0.5609748304808925
35,0,1,1,-0.11704877767623337,0.4327933656785018,-0.4736736092984604,1.0060617003323709,C,0.059159876663617626
36,0,1,1,0.8473829026749384,0.4327933656785018,-0.4736736092984604,0.39858208016340624,S,0.059159876663617626
38,0,3,1,-0.5992646178518193,-0.47454519624983954,-0.4736736092984604,-0.4863374216869257,S,-0.5609748304808925
39,0,3,0,-0.8059285493556418,1.340131927606843,-0.4736736092984604,-0.2859972841804228,S,0.6792945838081278
40,1,3,0,-1.0814804580274051,0.4327933656785018,-0.4736736092984604,-0.42207354059350805,C,0.059159876663617626
41,0,3,0,0.7096069483390568,0.4327933656785018,-0.4736736092984604,-0.4576454924460446,S,0.059159876663617626
42,0,2,0,-0.1859367548441742,0.4327933656785018,-0.4736736092984604,-0.22559322262067316,S,0.059159876663617626
44,1,2,0,-1.8392482068747544,0.4327933656785018,2.0089333664952354,0.18876253192945994,C,1.299429290952638
45,1,3,0,-0.7370405721877009,-0.47454519624983954,-0.4736736092984604,-0.48977642625839407,Q,-0.5609748304808925
50,0,3,0,-0.8059285493556418,0.4327933656785018,-0.4736736092984604,-0.29002422161773944,S,0.059159876663617626
51,0,3,1,-1.5636962982029912,3.1548090514635256,0.7676298785983874,0.1506737441786005,S,2.5396987052416584
52,0,3,1,-0.5992646178518193,-0.47454519624983954,-0.4736736092984604,-0.4913710934835715,S,-0.5609748304808925
53,1,1,0,1.3295987428505243,0.4327933656785018,-0.4736736092984604,0.8964967865378598,C,0.059159876663617626
54,1,2,0,-0.04816080050829252,0.4327933656785018,-0.4736736092984604,-0.12491978668775715,S,0.059159876663617626
55,0,1,1,2.431806377537578,-0.47454519624983954,0.7676298785983874,0.5995101505357573,C,0.059159876663617626
57,1,2,0,-0.5992646178518193,-0.47454519624983954,-0.4736736092984604,-0.43700743807979686,S,-0.5609748304808925
58,0,3,1,-0.08260478909226295,-0.47454519624983954,-0.4736736092984604,-0.5028639729296732,C,-0.5609748304808925
59,1,2,0,-1.7014722525388728,0.4327933656785018,2.0089333664952354,-0.08968408411123653,S,1.299429290952638
60,0,3,1,-1.2881443895312277,4.0621476133918675,2.0089333664952354,0.2958951755118318,S,3.779968119530679
61,0,3,1,-0.5303766406838785,-0.47454519624983954,-0.4736736092984604,-0.5028639729296732,C,-0.5609748304808925
63,0,1,1,1.054046834178761,0.4327933656785018,-0.4736736092984604,1.0323213593611125,S,0.059159876663617626
64,0,3,1,-1.7703602297068137,2.2474704895351842,2.0089333664952354,-0.08666388103324908,S,2.5396987052416584
67,1,2,0,-0.04816080050829252,-0.47454519624983954,-0.4736736092984604,-0.43700743807979686,S,-0.5609748304808925
68,0,3,1,-0.7370405721877009,-0.47454519624983954,-0.4736736092984604,-0.4841568350646187,S,-0.5609748304808925
69,1,3,0,-0.8748165265235827,3.1548090514635256,2.0089333664952354,-0.4888542575852486,S,3.1598334123861687
70,0,3,1,-0.25482473201211503,1.340131927606843,-0.4736736092984604,-0.47400492578514347,S,0.6792945838081278
71,0,2,1,0.15850313099553,-0.47454519624983954,-0.4736736092984604,-0.43700743807979686,S,-0.5609748304808925
72,0,3,0,-0.9437045036915235,4.0621476133918675,2.0089333664952354,0.2958951755118318,S,3.779968119530679
73,0,2,1,-0.5992646178518193,-0.47454519624983954,-0.4736736092984604,0.8314778546749452,S,-0.5609748304808925
74,0,3,1,-0.25482473201211503,0.4327933656785018,-0.4736736092984604,-0.3573908580066095,C,0.059159876663617626
75,1,3,1,0.15850313099553,-0.47454519624983954,-0.4736736092984604,0.48910360681684706,S,-0.5609748304808925
76,0,3,1,-0.3237127091800559,-0.47454519624983954,-0.4736736092984604,-0.494391296561559,S,-0.5609748304808925
79,1,2,1,-1.9887351173291863,-0.47454519624983954,2.0089333664952354,-0.06451572512800753,S,0.6792945838081278
80,1,3,0,0.020727176659648322,-0.47454519624983954,-0.4736736092984604,-0.397241430886295,S,-0.5609748304808925
81,0,3,1,-0.5303766406838785,-0.47454519624983954,-0.4736736092984604,-0.46720946885967163,S,-0.5609748304808925
82,1,3,1,-0.04816080050829252,-0.47454519624983954,-0.4736736092984604,-0.45714212526638004,S,-0.5609748304808925
84,0,1,1,-0.11704877767623337,-0.47454519624983954,-0.4736736092984604,0.29992211294914856,S,-0.5609748304808925
85,1,2,0,-0.8748165265235827,-0.47454519624983954,-0.4736736092984604,-0.43700743807979686,S,-0.5609748304808925
86,1,3,0,0.22739110816347086,2.2474704895351842,-0.4736736092984604,-0.32928686163157667,S,1.299429290952638
87,0,3,1,-0.9437045036915235,0.4327933656785018,3.250236854392083,0.04370821849987721,S,1.9195639980971482
89,1,1,0,-0.4614886635159376,2.2474704895351842,2.0089333664952354,4.647001076532463,S,2.5396987052416584
90,0,3,1,-0.3926006863479967,-0.47454519624983954,-0.4736736092984604,-0.4863374216869257,S,-0.5609748304808925
91,0,3,1,-0.04816080050829252,-0.47454519624983954,-0.4736736092984604,-0.4863374216869257,S,-0.5609748304808925
92,0,3,1,-0.6681525950197601,-0.47454519624983954,-0.4736736092984604,-0.4902797934380587,S,-0.5609748304808925
93,0,1,1,1.122934811346702,0.4327933656785018,-0.4736736092984604,0.5833178351003071,S,0.059159876663617626
94,0,3,1,-0.25482473201211503,0.4327933656785018,2.0089333664952354,-0.23415046467497105,S,1.299429290952638
95,0,3,1,2.018478514529933,-0.47454519624983954,-0.4736736092984604,-0.5024451714361923,S,-0.5609748304808925
97,0,1,1,2.845134240545223,-0.47454519624983954,-0.4736736092984604,0.0493298231623713,C,-0.5609748304808925
98,1,1,1,-0.4614886635159376,-0.47454519624983954,0.7676298785983874,0.6272778976347743,C,0.059159876663617626
99,1,2,0,0.2962790853314117,-0.47454519624983954,0.7676298785983874,-0.18532384824750675,S,0.059159876663617626
100,0,2,1,0.2962790853314117,0.4327933656785018,-0.4736736092984604,-0.12491978668775715,S,0.059159876663617626
101,0,3,0,-0.11704877767623337,-0.47454519624983954,-0.4736736092984604,-0.4894421904510968,S,-0.5609748304808925
103,0,1,1,-0.5992646178518193,-0.47454519624983954,0.7676298785983874,0.907737982394129,S,0.059159876663617626
104,0,3,1,0.22739110816347086,-0.47454519624983954,-0.4736736092984604,-0.4741720436887921,S,-0.5609748304808925
105,0,3,1,0.5029430168352342,1.340131927606843,-0.4736736092984604,-0.4888542575852486,S,0.6792945838081278
106,0,3,1,-0.11704877767623337,-0.47454519624983954,-0.4736736092984604,-0.4894421904510968,S,-0.5609748304808925
107,1,3,0,-0.5992646178518193,-0.47454519624983954,-0.4736736092984604,-0.494391296561559,S,-0.5609748304808925
109,0,3,1,0.571830994003175,-0.47454519624983954,-0.4736736092984604,-0.4894421904510968,S,-0.5609748304808925
111,0,1,1,1.1918227885146426,-0.47454519624983954,-0.4736736092984604,0.39858208016340624,S,-0.5609748304808925
112,0,3,0,-1.0470364694434349,0.4327933656785018,-0.4736736092984604,-0.3573908580066095,C,0.059159876663617626
113,0,3,1,-0.5303766406838785,-0.47454519624983954,-0.4736736092984604,-0.4863374216869257,S,-0.5609748304808925
114,0,3,0,-0.6681525950197601,0.4327933656785018,-0.4736736092984604,-0.4505983519307405,S,0.059159876663617626
115,0,3,0,-0.8748165265235827,-0.47454519624983954,-0.4736736092984604,-0.3573083057891445,C,-0.5609748304808925
116,0,3,1,-0.5992646178518193,-0.47454519624983954,-0.4736736092984604,-0.4888542575852486,S,-0.5609748304808925
117,0,3,1,2.8106902519612524,-0.47454519624983954,-0.4736736092984604,-0.49237782784290063,Q,-0.5609748304808925
118,0,2,1,-0.04816080050829252,0.4327933656785018,-0.4736736092984604,-0.22559322262067316,S,0.059159876663617626
119,0,1,1,-0.3926006863479967,-0.47454519624983954,0.7676298785983874,4.335332226633905,C,0.059159876663617626
120,0,3,0,-1.9081361840426954,3.1548090514635256,2.0089333664952354,-0.01870931177853076,S,3.1598334123861687
121,0,2,1,-0.5992646178518193,1.340131927606843,-0.4736736092984604,0.8314778546749452,S,0.6792945838081278
123,0,2,1,0.19294711957950042,0.4327933656785018,-0.4736736092984604,-0.04295550208861426,C,0.059159876663617626
124,1,2,0,0.19294711957950042,-0.47454519624983954,-0.4736736092984604,-0.3866707201133388,S,-0.5609748304808925
125,0,1,1,1.6740386286902287,-0.47454519624983954,0.7676298785983874,0.907737982394129,S,0.059159876663617626
126,1,3,1,-1.219256412363287,0.4327933656785018,-0.4736736092984604,-0.42207354059350805,C,0.059159876663617626
128,1,3,1,-0.3926006863479967,-0.47454519624983954,-0.4736736092984604,-0.5046257580584992,S,-0.5609748304808925
130,0,3,1,1.054046834178761,-0.47454519624983954,-0.4736736092984604,-0.5079822104125026,S,-0.5609748304808925
131,0,3,1,0.22739110816347086,-0.47454519624983954,-0.4736736092984604,-0.4894421904510968,C,-0.5609748304808925
132,0,3,1,-0.6681525950197601,-0.47454519624983954,-0.4736736092984604,-0.5064721088735089,S,-0.5609748304808925
133,0,3,0,1.1918227885146426,0.4327933656785018,-0.4736736092984604,-0.35646868933346404,S,0.059159876663617626
134,1,2,0,-0.04816080050829252,0.4327933656785018,-0.4736736092984604,-0.12491978668775715,S,0.059159876663617626
135,0,2,1,-0.3237127091800559,-0.47454519624983954,-0.4736736092984604,-0.3866707201133388,S,-0.5609748304808925
136,0,2,1,-0.4614886635159376,-0.47454519624983954,-0.4736736092984604,-0.3454791770670269,C,-0.5609748304808925
137,1,1,0,-0.7370405721877009,-0.47454519624983954,2.0089333664952354,-0.11921562980779811,S,0.6792945838081278
138,0,1,1,0.5029430168352342,0.4327933656785018,-0.4736736092984604,0.4207302360686478,S,0.059159876663617626
139,0,3,1,-0.9437045036915235,-0.47454519624983954,-0.4736736092984604,-0.4628462821463391,S,-0.5609748304808925
140,0,1,1,-0.3926006863479967,-0.47454519624983954,-0.4736736092984604,0.9462455716384695,C,-0.5609748304808925
142,1,3,0,-0.5303766406838785,-0.47454519624983954,-0.4736736092984604,-0.49237782784290063,S,-0.5609748304808925
143,1,3,0,-0.3926006863479967,0.4327933656785018,-0.4736736092984604,-0.32928686163157667,S,0.059159876663617626
144,0,3,1,-0.7370405721877009,-0.47454519624983954,-0.4736736092984604,-0.5125125150294839,Q,-0.5609748304808925
145,0,2,1,-0.8059285493556418,-0.47454519624983954,-0.4736736092984604,-0.41687275089321363,S,-0.5609748304808925
146,0,2,1,-0.7370405721877009,0.4327933656785018,0.7676298785983874,0.09152810056801232,S,0.6792945838081278
147,1,3,1,-0.1859367548441742,-0.47454519624983954,-0.4736736092984604,-0.49145565916975514,S,-0.5609748304808925
148,0,3,0,-1.4259203438671093,1.340131927606843,2.0089333664952354,0.04370821849987721,S,1.9195639980971482
149,0,2,1,0.4684990282512638,-0.47454519624983954,2.0089333664952354,-0.12491978668775715,S,0.6792945838081278
150,0,2,1,0.8473829026749384,-0.47454519624983954,-0.4736736092984604,-0.3866707201133388,S,-0.5609748304808925
151,0,2,1,1.4673746971864061,-0.47454519624983954,-0.4736736092984604,-0.39623469652696586,S,-0.5609748304808925
152,1,1,0,-0.5303766406838785,0.4327933656785018,-0.4736736092984604,0.6925485130875209,S,0.059159876663617626
153,0,3,1,1.7773705944421399,-0.47454519624983954,-0.4736736092984604,-0.4863374216869257,S,-0.5609748304808925
154,0,3,1,0.7440509369230272,-0.47454519624983954,2.0089333664952354,-0.35646868933346404,S,0.6792945838081278
156,0,1,1,1.4673746971864061,-0.47454519624983954,0.7676298785983874,0.5874293382238074,C,0.059159876663617626
157,1,3,0,-0.9437045036915235,-0.47454519624983954,-0.4736736092984604,-0.49271407711891657,Q,-0.5609748304808925
158,0,3,1,0.020727176659648322,-0.47454519624983954,-0.4736736092984604,-0.4863374216869257,S,-0.5609748304808925
161,0,3,1,0.9851588570108202,-0.47454519624983954,0.7676298785983874,-0.32425318983493084,S,0.059159876663617626
162,1,2,0,0.7096069483390568,-0.47454519624983954,-0.4736736092984604,-0.331300330350235,S,-0.5609748304808925
163,0,3,1,-0.25482473201211503,-0.47454519624983954,-0.4736736092984604,-0.4918744606632361,S,-0.5609748304808925
164,0,3,1,-0.8748165265235827,-0.47454519624983954,-0.4736736092984604,-0.47400492578514347,S,-0.5609748304808925
165,0,3,1,-1.977024161210636,3.1548090514635256,0.7676298785983874,0.1506737441786005,S,2.5396987052416584
166,1,3,1,-1.4259203438671093,-0.47454519624983954,2.0089333664952354,-0.2351571990343002,S,0.6792945838081278
168,0,3,0,1.054046834178761,0.4327933656785018,4.491540342288931,-0.08666388103324908,S,2.5396987052416584
170,0,3,1,-0.11704877767623337,-0.47454519624983954,-0.4736736092984604,0.48910360681684706,S,-0.5609748304808925
171,0,1,1,2.1562544688658143,-0.47454519624983954,-0.4736736092984604,0.026090367211616904,S,-0.5609748304808925
172,0,3,1,-1.7703602297068137,3.1548090514635256,0.7676298785983874,-0.06199888922968463,Q,2.5396987052416584
173,1,3,0,-1.977024161210636,0.4327933656785018,0.7676298785983874,-0.4242561406845337,S,0.6792945838081278
174,0,3,1,-0.5992646178518193,-0.47454519624983954,-0.4736736092984604,-0.4888542575852486,S,-0.5609748304808925
175,0,1,1,1.8118145830261103,-0.47454519624983954,-0.4736736092984604,-0.030371322596999754,C,-0.5609748304808925
176,0,3,1,-0.8059285493556418,0.4327933656785018,0.7676298785983874,-0.4902797934380587,S,0.6792945838081278
178,0,1,0,1.3984867200184652,-0.47454519624983954,-0.4736736092984604,-0.07030444769415023,C,-0.5609748304808925
179,0,2,1,0.020727176659648322,-0.47454519624983954,-0.4736736092984604,-0.3866707201133388,S,-0.5609748304808925
180,0,3,1,0.43405503966729336,-0.47454519624983954,-0.4736736092984604,-0.6484216535389205,S,-0.5609748304808925
183,0,3,1,-1.4259203438671093,3.1548090514635256,2.0089333664952354,-0.016444159470040135,S,3.1598334123861687
184,1,2,1,-1.977024161210636,1.340131927606843,0.7676298785983874,0.13683114673782454,S,1.299429290952638
185,1,3,0,-1.7703602297068137,-0.47454519624983954,2.0089333664952354,-0.20495516825442542,S,0.6792945838081278
188,1,1,1,1.054046834178761,-0.47454519624983954,-0.4736736092984604,-0.11384570873513637,S,-0.5609748304808925
189,0,3,1,0.7096069483390568,0.4327933656785018,0.7676298785983874,-0.3363340021468808,Q,0.6792945838081278
190,0,3,1,0.43405503966729336,-0.47454519624983954,-0.4736736092984604,-0.4894421904510968,S,-0.5609748304808925
191,1,2,0,0.15850313099553,-0.47454519624983954,-0.4736736092984604,-0.3866707201133388,S,-0.5609748304808925
192,0,2,1,-0.7370405721877009,-0.47454519624983954,-0.4736736092984604,-0.3866707201133388,S,-0.5609748304808925
193,1,3,0,-0.7370405721877009,0.4327933656785018,-0.4736736092984604,-0.4902797934380587,S,0.059159876663617626
194,1,2,1,-1.8392482068747544,0.4327933656785018,0.7676298785983874,-0.12491978668775715,S,0.6792945838081278
195,1,1,0,0.9851588570108202,-0.47454519624983954,-0.4736736092984604,-0.09027201697708476,C,-0.5609748304808925
196,1,1,0,1.949590537361992,-0.47454519624983954,-0.4736736092984604,2.301728820789,C,-0.5609748304808925
198,0,3,1,0.8473829026749384,-0.47454519624983954,0.7676298785983874,-0.47920571548543794,S,0.059159876663617626
200,0,2,0,-0.3926006863479967,-0.47454519624983954,-0.4736736092984604,-0.3866707201133388,S,-0.5609748304808925
201,0,3,1,-0.11704877767623337,-0.47454519624983954,-0.4736736092984604,-0.45714212526638004,S,-0.5609748304808925
203,0,3,1,0.2962790853314117,-0.47454519624983954,-0.4736736092984604,-0.5176307525123133,S,-0.5609748304808925
204,0,3,1,1.0884908227627315,-0.47454519624983954,-0.4736736092984604,-0.5029485386158568,C,-0.5609748304808925
205,1,3,1,-0.8059285493556418,-0.47454519624983954,-0.4736736092984604,-0.4863374216869257,S,-0.5609748304808925
206,0,3,0,-1.9081361840426954,-0.47454519624983954,0.7676298785983874,-0.43776248884929375,S,0.059159876663617626
207,0,3,1,0.15850313099553,0.4327933656785018,-0.4736736092984604,-0.32928686163157667,S,0.059159876663617626
208,1,3,1,-0.25482473201211503,-0.47454519624983954,-0.4736736092984604,-0.2701412180209885,C,-0.5609748304808925
209,1,3,0,-0.9437045036915235,-0.47454519624983954,-0.4736736092984604,-0.49237782784290063,Q,-0.5609748304808925
210,1,1,1,0.7096069483390568,-0.47454519624983954,-0.4736736092984604,-0.024246350754841113,C,-0.5609748304808925
211,0,3,1,-0.3926006863479967,-0.47454519624983954,-0.4736736092984604,-0.5064721088735089,S,-0.5609748304808925
212,1,2,0,0.36516706249935255,-0.47454519624983954,-0.4736736092984604,-0.22559322262067316,S,-0.5609748304808925
213,0,3,1,-0.5303766406838785,-0.47454519624983954,-0.4736736092984604,-0.5024451714361923,S,-0.5609748304808925
214,0,2,1,0.020727176659648322,-0.47454519624983954,-0.4736736092984604,-0.3866707201133388,S,-0.5609748304808925
216,1,1,0,0.08961515382758917,0.4327933656785018,-0.4736736092984604,1.6323350375212924,C,0.059159876663617626
217,1,3,0,-0.1859367548441742,-0.47454519624983954,-0.4736736092984604,-0.4888542575852486,S,-0.5609748304808925
218,0,2,1,0.8473829026749384,0.4327933656785018,-0.4736736092984604,-0.10478509950117394,S,0.059159876663617626
219,1,1,0,0.15850313099553,-0.47454519624983954,-0.4736736092984604,0.8876878608937296,C,-0.5609748304808925
220,0,2,1,0.020727176659648322,-0.47454519624983954,-0.4736736092984604,-0.43700743807979686,S,-0.5609748304808925
221,1,3,1,-0.9437045036915235,-0.47454519624983954,-0.4736736092984604,-0.4863374216869257,S,-0.5609748304808925
222,0,2,1,-0.1859367548441742,-0.47454519624983954,-0.4736736092984604,-0.3866707201133388,S,-0.5609748304808925
223,0,3,1,1.4673746971864061,-0.47454519624983954,-0.4736736092984604,-0.4863374216869257,S,-0.5609748304808925
225,1,1,1,0.571830994003175,0.4327933656785018,-0.4736736092984604,1.163700193253568,S,0.059159876663617626
226,0,3,1,-0.5303766406838785,-0.47454519624983954,-0.4736736092984604,-0.4601623283443675,S,-0.5609748304808925
227,1,2,1,-0.7370405721877009,-0.47454519624983954,-0.4736736092984604,-0.43700743807979686,S,-0.5609748304808925
228,0,3,1,-0.6337086064357897,-0.47454519624983954,-0.4736736092984604,-0.5024451714361923,S,-0.5609748304808925
229,0,2,1,-0.8059285493556418,-0.47454519624983954,-0.4736736092984604,-0.3866707201133388,S,-0.5609748304808925
231,1,1,0,0.36516706249935255,0.4327933656785018,-0.4736736092984604,1.0323213593611125,S,0.059159876663617626
232,0,3,1,-0.04816080050829252,-0.47454519624983954,-0.4736736092984604,-0.4918744606632361,S,-0.5609748304808925
233,0,2,1,2.018478514529933,-0.47454519624983954,-0.4736736092984604,-0.3766033765200472,S,-0.5609748304808925
234,1,3,0,-1.7014722525388728,3.1548090514635256,2.0089333664952354,-0.016444159470040135,S,3.1598334123861687
235,0,2,1,-0.3926006863479967,-0.47454519624983954,-0.4736736092984604,-0.43700743807979686,S,-0.5609748304808925
237,0,2,1,0.9851588570108202,0.4327933656785018,-0.4736736092984604,-0.12491978668775715,S,0.059159876663617626
238,1,2,0,-1.4948083210350502,-0.47454519624983954,2.0089333664952354,-0.11988611489111134,S,0.6792945838081278
239,0,2,1,-0.7370405721877009,-0.47454519624983954,-0.4736736092984604,-0.43700743807979686,S,-0.5609748304808925
240,0,2,1,0.22739110816347086,-0.47454519624983954,-0.4736736092984604,-0.4012683683236117,S,-0.5609748304808925
243,0,2,1,-0.04816080050829252,-0.47454519624983954,-0.4736736092984604,-0.43700743807979686,S,-0.5609748304808925
244,0,3,1,-0.5303766406838785,-0.47454519624983954,-0.4736736092984604,-0.5049620073345151,S,-0.5609748304808925
245,0,3,1,0.020727176659648322,-0.47454519624983954,-0.4736736092984604,-0.5029485386158568,C,-0.5609748304808925
246,0,1,1,0.9851588570108202,1.340131927606843,-0.4736736092984604,1.163700193253568,Q,0.6792945838081278
247,0,3,0,-0.3237127091800559,-0.47454519624983954,-0.4736736092984604,-0.4918744606632361,S,-0.5609748304808925
248,1,2,0,-0.3926006863479967,-0.47454519624983954,2.0089333664952354,-0.35646868933346404,S,0.6792945838081278
249,1,1,1,0.5029430168352342,0.4327933656785018,0.7676298785983874,0.40974072380221066,S,0.6792945838081278
250,0,2,1,1.6740386286902287,0.4327933656785018,-0.4736736092984604,-0.12491978668775715,S,0.059159876663617626
252,0,3,0,-0.04816080050829252,0.4327933656785018,0.7676298785983874,-0.43776248884929375,S,0.6792945838081278
253,0,1,1,2.225142446033755,-0.47454519624983954,-0.4736736092984604,-0.11384570873513637,S,-0.5609748304808925
254,0,3,1,0.020727176659648322,0.4327933656785018,-0.4736736092984604,-0.32425318983493084,S,0.059159876663617626
255,0,3,0,0.7784949255069976,-0.47454519624983954,2.0089333664952354,-0.2414492887801075,S,0.6792945838081278
256,1,3,0,-0.04816080050829252,-0.47454519624983954,2.0089333664952354,-0.3414522396297103,C,0.6792945838081278
258,1,1,0,0.020727176659648322,-0.47454519624983954,-0.4736736092984604,1.093228788100527,S,-0.5609748304808925
259,1,1,0,0.36516706249935255,-0.47454519624983954,-0.4736736092984604,9.667166525013505,C,-0.5609748304808925
260,1,2,0,1.3984867200184652,-0.47454519624983954,0.7676298785983874,-0.12491978668775715,S,0.059159876663617626
262,1,3,1,-1.8392482068747544,3.1548090514635256,2.0089333664952354,-0.016444159470040135,S,3.1598334123861687
263,0,1,1,1.5362626743543468,0.4327933656785018,0.7676298785983874,0.955306180872432,S,0.6792945838081278
264,0,1,1,0.7096069483390568,-0.47454519624983954,-0.4736736092984604,-0.6484216535389205,S,-0.5609748304808925
266,0,2,1,0.43405503966729336,-0.47454519624983954,-0.4736736092984604,-0.43700743807979686,S,-0.5609748304808925
267,0,3,1,-0.9437045036915235,3.1548090514635256,0.7676298785983874,0.1506737441786005,S,2.5396987052416584
268,1,3,1,-0.3237127091800559,0.4327933656785018,-0.4736736092984604,-0.4918744606632361,S,0.059159876663617626
269,1,1,0,1.949590537361992,-0.47454519624983954,0.7676298785983874,2.441497778832105,S,0.059159876663617626
270,1,1,0,0.36516706249935255,-0.47454519624983954,-0.4736736092984604,2.0825124140450755,S,-0.5609748304808925
272,1,3,1,-0.3237127091800559,-0.47454519624983954,-0.4736736092984604,-0.6484216535389205,S,-0.5609748304808925
273,1,2,0,0.7784949255069976,-0.47454519624983954,0.7676298785983874,-0.255795253400548,S,0.059159876663617626
274,0,1,1,0.5029430168352342,-0.47454519624983954,0.7676298785983874,-0.05042144409739929,C,0.059159876663617626
276,1,1,0,2.294030423201696,0.4327933656785018,-0.4736736092984604,0.921244330558889,S,0.059159876663617626
277,0,3,0,1.054046834178761,-0.47454519624983954,-0.4736736092984604,-0.49237782784290063,S,-0.5609748304808925
279,0,3,1,-1.5636962982029912,3.1548090514635256,0.7676298785983874,-0.06199888922968463,Q,2.5396987052416584
280,1,3,0,0.36516706249935255,0.4327933656785018,0.7676298785983874,-0.24069423801061057,S,0.6792945838081278
281,0,3,1,2.431806377537578,-0.47454519624983954,-0.4736736092984604,-0.49237782784290063,Q,-0.5609748304808925
282,0,3,1,-0.11704877767623337,-0.47454519624983954,-0.4736736092984604,-0.4902797934380587,S,-0.5609748304808925
283,0,3,1,-0.9437045036915235,-0.47454519624983954,-0.4736736092984604,-0.45714212526638004,S,-0.5609748304808925
284,1,3,1,-0.7370405721877009,-0.47454519624983954,-0.4736736092984604,-0.4863374216869257,S,-0.5609748304808925
286,0,3,1,0.22739110816347086,-0.47454519624983954,-0.4736736092984604,-0.47400492578514347,C,-0.5609748304808925
287,1,3,1,0.020727176659648322,-0.47454519624983954,-0.4736736092984604,-0.45714212526638004,S,-0.5609748304808925
288,0,3,1,-0.5303766406838785,-0.47454519624983954,-0.4736736092984604,-0.4894421904510968,S,-0.5609748304808925
289,1,2,1,0.8473829026749384,-0.47454519624983954,-0.4736736092984604,-0.3866707201133388,S,-0.5609748304808925
290,1,3,0,-0.5303766406838785,-0.47454519624983954,-0.4736736092984604,-0.49237782784290063,Q,-0.5609748304808925
291,1,1,0,-0.25482473201211503,-0.47454519624983954,-0.4736736092984604,0.9391984311231651,S,-0.5609748304808925
292,1,1,0,-0.7370405721877009,0.4327933656785018,-0.4736736092984604,1.1854295476653287,C,0.059159876663617626
293,0,2,1,0.43405503966729336,-0.47454519624983954,-0.4736736092984604,-0.3891875560116617,C,-0.5609748304808925
294,0,3,0,-0.3926006863479967,-0.47454519624983954,-0.4736736092984604,-0.4702296719376591,S,-0.5609748304808925
295,0,3,1,-0.3926006863479967,-0.47454519624983954,-0.4736736092984604,-0.4894421904510968,S,-0.5609748304808925
297,0,3,1,-0.4270446749319672,-0.47454519624983954,-0.4736736092984604,-0.5028639729296732,C,-0.5609748304808925
298,0,1,0,-1.9081361840426954,0.4327933656785018,2.0089333664952354,2.4029901895877646,S,1.299429290952638
300,1,1,0,1.3984867200184652,-0.47454519624983954,0.7676298785983874,4.335332226633905,C,0.059159876663617626
303,0,3,1,-0.7370405721877009,-0.47454519624983954,-0.4736736092984604,-0.6484216535389205,S,-0.5609748304808925
306,1,1,1,-1.9825351993840714,0.4327933656785018,2.0089333664952354,2.4029901895877646,S,1.299429290952638
308,1,1,0,-0.8748165265235827,0.4327933656785018,-0.4736736092984604,1.5442457810799908,C,0.059159876663617626
309,0,2,1,0.020727176659648322,0.4327933656785018,-0.4736736092984604,-0.16518916106092355,C,0.059159876663617626
310,1,1,0,0.020727176659648322,-0.47454519624983954,-0.4736736092984604,0.49782998024351216,C,-0.5609748304808925
311,1,1,0,-0.3926006863479967,-0.47454519624983954,-0.4736736092984604,1.0259447039291216,C,-0.5609748304808925
312,1,1,0,-0.8059285493556418,1.340131927606843,2.0089333664952354,4.634416897040849,C,1.9195639980971482
313,0,2,0,-0.25482473201211503,0.4327933656785018,0.7676298785983874,-0.12491978668775715,S,0.6792945838081278
314,0,3,1,-0.11704877767623337,-0.47454519624983954,-0.4736736092984604,-0.4894421904510968,S,-0.5609748304808925
315,0,2,1,0.9162708798428792,0.4327933656785018,0.7676298785983874,-0.11988611489111134,S,0.6792945838081278
316,1,3,0,-0.25482473201211503,-0.47454519624983954,-0.4736736092984604,-0.4902797934380587,S,-0.5609748304808925
317,1,2,0,-0.3926006863479967,0.4327933656785018,-0.4736736092984604,-0.12491978668775715,S,0.059159876663617626
318,0,2,1,1.6740386286902287,-0.47454519624983954,-0.4736736092984604,-0.36653603292675563,S,-0.5609748304808925
319,1,1,0,0.08961515382758917,-0.47454519624983954,2.0089333664952354,2.671117778445337,S,0.6792945838081278
320,1,1,0,0.7096069483390568,0.4327933656785018,0.7676298785983874,2.059693773056521,C,0.6792945838081278
321,0,3,1,-0.5303766406838785,-0.47454519624983954,-0.4736736092984604,-0.5024451714361923,S,-0.5609748304808925
322,0,3,1,-0.1859367548441742,-0.47454519624983954,-0.4736736092984604,-0.4894421904510968,S,-0.5609748304808925
323,1,2,0,0.020727176659648322,-0.47454519624983954,-0.4736736092984604,-0.3997582667846179,Q,-0.5609748304808925
324,1,2,0,-0.5303766406838785,0.4327933656785018,0.7676298785983874,-0.06451572512800753,S,0.6792945838081278
326,1,1,0,0.43405503966729336,-0.47454519624983954,-0.4736736092984604,2.0825124140450755,C,-0.5609748304808925
327,0,3,1,2.1562544688658143,-0.47454519624983954,-0.4736736092984604,-0.5228315422126077,S,-0.5609748304808925
328,1,2,0,0.43405503966729336,-0.47454519624983954,-0.4736736092984604,-0.3866707201133388,S,-0.5609748304808925
329,1,3,0,0.08961515382758917,0.4327933656785018,0.7676298785983874,-0.2351571990343002,S,0.6792945838081278
330,1,1,0,-0.9437045036915235,-0.47454519624983954,0.7676298785983874,0.5189714017894245,C,0.059159876663617626
332,0,1,1,1.0884908227627315,-0.47454519624983954,-0.4736736092984604,-0.07458306872129913,S,-0.5609748304808925
333,0,1,1,0.571830994003175,-0.47454519624983954,0.7676298785983874,2.441497778832105,S,0.059159876663617626
334,0,3,1,-0.9437045036915235,1.340131927606843,-0.4736736092984604,-0.2859972841804228,S,0.6792945838081278
337,0,1,1,-0.04816080050829252,0.4327933656785018,-0.4736736092984604,0.6925485130875209,S,0.059159876663617626
338,1,1,0,0.7784949255069976,-0.47454519624983954,-0.4736736092984604,2.059693773056521,C,-0.5609748304808925
339,1,3,1,1.054046834178761,-0.47454519624983954,-0.4736736092984604,-0.4863374216869257,S,-0.5609748304808925
340,0,1,1,1.054046834178761,-0.47454519624983954,-0.4736736092984604,0.06635974158478332,S,-0.5609748304808925
341,1,2,1,-1.9081361840426954,0.4327933656785018,0.7676298785983874,-0.12491978668775715,S,0.6792945838081278
342,1,1,0,-0.3926006863479967,2.2474704895351842,2.0089333664952354,4.647001076532463,S,2.5396987052416584
343,0,2,1,-0.11704877767623337,-0.47454519624983954,-0.4736736092984604,-0.3866707201133388,S,-0.5609748304808925
344,0,2,1,-0.3237127091800559,-0.47454519624983954,-0.4736736092984604,-0.3866707201133388,S,-0.5609748304808925
345,0,2,1,0.43405503966729336,-0.47454519624983954,-0.4736736092984604,-0.3866707201133388,S,-0.5609748304808925
346,1,2,0,-0.3926006863479967,-0.47454519624983954,-0.4736736092984604,-0.3866707201133388,S,-0.5609748304808925
347,1,2,0,0.7096069483390568,-0.47454519624983954,-0.4736736092984604,-0.3866707201133388,S,-0.5609748304808925
349,1,3,1,-1.8392482068747544,0.4327933656785018,0.7676298785983874,-0.32828012727224753,S,0.6792945838081278
350,0,3,1,0.8473829026749384,-0.47454519624983954,-0.4736736092984604,-0.47400492578514347,S,-0.5609748304808925
351,0,3,1,-0.4614886635159376,-0.47454519624983954,-0.4736736092984604,-0.4626791642426904,S,-0.5609748304808925
353,0,3,1,-1.0125924808594644,0.4327933656785018,0.7676298785983874,-0.5028639729296732,C,0.6792945838081278
354,0,3,1,-0.3237127091800559,0.4327933656785018,-0.4736736092984604,-0.29002422161773944,S,0.059159876663617626
356,0,3,1,-0.11704877767623337,-0.47454519624983954,-0.4736736092984604,-0.45714212526638004,S,-0.5609748304808925
357,1,1,0,-0.5303766406838785,-0.47454519624983954,0.7676298785983874,0.4589861417231558,S,0.059159876663617626
358,0,2,0,0.571830994003175,-0.47454519624983954,-0.4736736092984604,-0.3866707201133388,S,-0.5609748304808925
361,0,3,1,0.7096069483390568,0.4327933656785018,4.491540342288931,-0.08666388103324908,S,2.5396987052416584
362,0,2,1,-0.04816080050829252,0.4327933656785018,-0.4736736092984604,-0.09027201697708476,C,0.059159876663617626
363,0,3,0,1.054046834178761,-0.47454519624983954,0.7676298785983874,-0.3573908580066095,C,0.059159876663617626
364,0,3,1,0.36516706249935255,-0.47454519624983954,-0.4736736092984604,-0.5064721088735089,S,-0.5609748304808925
366,0,3,1,0.020727176659648322,-0.47454519624983954,-0.4736736092984604,-0.5024451714361923,S,-0.5609748304808925
367,1,1,0,2.087366491697874,0.4327933656785018,-0.4736736092984604,0.8667135572514657,C,0.059159876663617626
370,1,1,0,-0.3926006863479967,-0.47454519624983954,-0.4736736092984604,0.7469121684912956,C,-0.5609748304808925
371,1,1,1,-0.3237127091800559,0.4327933656785018,-0.4736736092984604,0.4678796330534696,C,0.059159876663617626
372,0,3,1,-0.8059285493556418,0.4327933656785018,-0.4736736092984604,-0.5176307525123133,S,0.059159876663617626
373,0,3,1,-0.7370405721877009,-0.47454519624983954,-0.4736736092984604,-0.4863374216869257,S,-0.5609748304808925
374,0,1,1,-0.5303766406838785,-0.47454519624983954,-0.4736736092984604,2.0825124140450755,C,-0.5609748304808925
375,0,3,0,-1.8392482068747544,2.2474704895351842,0.7676298785983874,-0.22408312108167944,S,1.9195639980971482
377,1,3,0,-0.5303766406838785,-0.47454519624983954,-0.4736736092984604,-0.5024451714361923,S,-0.5609748304808925
378,0,1,1,-0.1859367548441742,-0.47454519624983954,2.0089333664952354,3.610064686423428,C,0.6792945838081278
379,0,3,1,-0.6681525950197601,-0.47454519624983954,-0.4736736092984604,-0.5676312212027554,C,-0.5609748304808925
380,0,3,1,-0.7370405721877009,-0.47454519624983954,-0.4736736092984604,-0.4918744606632361,S,-0.5609748304808925
381,1,1,0,0.8473829026749384,-0.47454519624983954,-0.4736736092984604,3.9327230485884233,C,-0.5609748304808925
382,1,3,0,-1.977024161210636,-0.47454519624983954,2.0089333664952354,-0.33146744825388363,C,0.6792945838081278
383,0,3,1,0.15850313099553,-0.47454519624983954,-0.4736736092984604,-0.4888542575852486,S,-0.5609748304808925
384,1,1,0,0.36516706249935255,0.4327933656785018,-0.4736736092984604,0.39858208016340624,S,0.059159876663617626
386,0,2,1,-0.8059285493556418,-0.47454519624983954,-0.4736736092984604,0.8314778546749452,S,-0.5609748304808925
387,0,3,1,-1.977024161210636,4.0621476133918675,2.0089333664952354,0.2958951755118318,S,3.779968119530679
388,1,2,0,0.43405503966729336,-0.47454519624983954,-0.4736736092984604,-0.3866707201133388,S,-0.5609748304808925
390,1,2,0,-0.8748165265235827,-0.47454519624983954,-0.4736736092984604,-0.40680540729992204,C,-0.5609748304808925
391,1,1,1,0.43405503966729336,0.4327933656785018,2.0089333664952354,1.7677408088510642,S,1.299429290952638
392,1,3,1,-0.5992646178518193,-0.47454519624983954,-0.4736736092984604,-0.49145565916975514,S,-0.5609748304808925
393,0,3,1,-0.11704877767623337,1.340131927606843,-0.4736736092984604,-0.4888542575852486,S,0.6792945838081278
394,1,1,0,-0.4614886635159376,0.4327933656785018,-0.4736736092984604,1.6323350375212924,C,0.059159876663617626
395,1,3,0,-0.3926006863479967,-0.47454519624983954,2.0089333664952354,-0.312172377522981,S,0.6792945838081278
396,0,3,1,-0.5303766406838785,-0.47454519624983954,-0.4736736092984604,-0.49145565916975514,S,-0.5609748304808925
397,0,3,0,0.08961515382758917,-0.47454519624983954,-0.4736736092984604,-0.4902797934380587,S,-0.5609748304808925
398,0,2,1,1.122934811346702,-0.47454519624983954,-0.4736736092984604,-0.12491978668775715,S,-0.5609748304808925
399,0,2,1,-0.4614886635159376,-0.47454519624983954,-0.4736736092984604,-0.43700743807979686,S,-0.5609748304808925
400,1,2,0,-0.11704877767623337,-0.47454519624983954,-0.4736736092984604,-0.393717860628643,S,-0.5609748304808925
401,1,3,1,0.6407189711711159,-0.47454519624983954,-0.4736736092984604,-0.4888542575852486,S,-0.5609748304808925
402,0,3,1,-0.25482473201211503,-0.47454519624983954,-0.4736736092984604,-0.4863374216869257,S,-0.5609748304808925
403,0,3,0,-0.5992646178518193,0.4327933656785018,-0.4736736092984604,-0.4505983519307405,S,0.059159876663617626
404,0,3,1,-0.11704877767623337,0.4327933656785018,-0.4736736092984604,-0.32928686163157667,S,0.059159876663617626
405,0,3,0,-0.6681525950197601,-0.47454519624983954,-0.4736736092984604,-0.47400492578514347,S,-0.5609748304808925
406,0,2,1,0.2962790853314117,0.4327933656785018,-0.4736736092984604,-0.22559322262067316,S,0.059159876663617626
407,0,3,1,1.4673746971864061,-0.47454519624983954,-0.4736736092984604,-0.49237782784290063,S,-0.5609748304808925
408,1,2,1,-1.8392482068747544,0.4327933656785018,0.7676298785983874,-0.2708962687904854,S,0.6792945838081278
409,0,3,1,-0.5992646178518193,-0.47454519624983954,-0.4736736092984604,-0.4918744606632361,S,-0.5609748304808925
413,1,1,0,0.22739110816347086,0.4327933656785018,-0.4736736092984604,1.163700193253568,Q,0.059159876663617626
415,1,3,1,0.9851588570108202,-0.47454519624983954,-0.4736736092984604,-0.4888542575852486,S,-0.5609748304808925
417,1,2,0,0.2962790853314117,0.4327933656785018,0.7676298785983874,0.005955680025033696,S,0.6792945838081278
418,1,2,0,-0.8059285493556418,-0.47454519624983954,2.0089333664952354,-0.3866707201133388,S,0.6792945838081278
419,0,2,1,0.020727176659648322,-0.47454519624983954,-0.4736736092984604,-0.3866707201133388,S,-0.5609748304808925
420,0,3,0,-1.3570323666991686,-0.47454519624983954,2.0089333664952354,-0.1621689579829361,S,0.6792945838081278
422,0,3,1,-0.5992646178518193,-0.47454519624983954,-0.4736736092984604,-0.49271407711891657,Q,-0.5609748304808925
423,0,3,1,-0.04816080050829252,-0.47454519624983954,-0.4736736092984604,-0.4898609919445778,S,-0.5609748304808925
424,0,3,0,-0.11704877767623337,0.4327933656785018,0.7676298785983874,-0.35848215805212236,S,0.6792945838081278
425,0,3,1,-0.8059285493556418,0.4327933656785018,0.7676298785983874,-0.2414492887801075,S,0.6792945838081278
427,1,2,0,-0.11704877767623337,0.4327933656785018,-0.4736736092984604,-0.12491978668775715,S,0.059159876663617626
428,1,2,0,-0.7370405721877009,-0.47454519624983954,-0.4736736092984604,-0.12491978668775715,S,-0.5609748304808925
430,1,3,1,0.15850313099553,-0.47454519624983954,-0.4736736092984604,-0.4863374216869257,S,-0.5609748304808925
431,1,1,1,-0.11704877767623337,-0.47454519624983954,-0.4736736092984604,-0.11384570873513637,S,-0.5609748304808925
433,1,2,0,0.8473829026749384,0.4327933656785018,-0.4736736092984604,-0.12491978668775715,S,0.059159876663617626
434,0,3,1,-0.8748165265235827,-0.47454519624983954,-0.4736736092984604,-0.5049620073345151,S,-0.5609748304808925
435,0,1,1,1.3984867200184652,0.4327933656785018,-0.4736736092984604,0.4771073601910807,S,0.059159876663617626
436,1,1,0,-1.0814804580274051,0.4327933656785018,2.0089333664952354,1.7677408088510642,S,1.299429290952638
437,0,3,0,-0.5992646178518193,1.340131927606843,2.0089333664952354,0.04370821849987721,S,1.9195639980971482
438,1,2,0,-0.3926006863479967,1.340131927606843,3.250236854392083,-0.2708962687904854,S,2.5396987052416584
439,0,1,1,2.362918400369637,0.4327933656785018,4.491540342288931,4.647001076532463,S,2.5396987052416584
440,0,2,1,0.08961515382758917,-0.47454519624983954,-0.4736736092984604,-0.43700743807979686,S,-0.5609748304808925
441,1,2,0,1.054046834178761,0.4327933656785018,0.7676298785983874,-0.11988611489111134,S,0.6792945838081278
442,0,3,1,-0.6681525950197601,-0.47454519624983954,-0.4736736092984604,-0.45714212526638004,S,-0.5609748304808925
443,0,3,1,-0.3237127091800559,0.4327933656785018,-0.4736736092984604,-0.4918744606632361,S,0.059159876663617626
444,1,2,0,-0.11704877767623337,-0.47454519624983954,-0.4736736092984604,-0.3866707201133388,S,-0.5609748304808925
446,1,1,1,-1.7703602297068137,-0.47454519624983954,2.0089333664952354,0.9997696105865636,S,0.6792945838081278
447,1,2,0,-1.150368435195346,-0.47454519624983954,0.7676298785983874,-0.255795253400548,S,0.059159876663617626
448,1,1,1,0.2962790853314117,-0.47454519624983954,-0.4736736092984604,-0.11384570873513637,S,-0.5609748304808925
449,1,3,0,-1.7014722525388728,1.340131927606843,0.7676298785983874,-0.26066180729354516,C,1.299429290952638
450,1,1,1,1.5362626743543468,-0.47454519624983954,-0.4736736092984604,-0.034313694348132716,S,-0.5609748304808925
451,0,2,1,0.43405503966729336,0.4327933656785018,2.0089333664952354,-0.08968408411123653,S,1.299429290952638
453,0,1,1,0.020727176659648322,-0.47454519624983954,-0.4736736092984604,-0.08968408411123653,C,-0.5609748304808925
454,1,1,1,1.3295987428505243,0.4327933656785018,-0.4736736092984604,1.145663540471827,C,0.059159876663617626
456,1,3,1,-0.04816080050829252,-0.47454519624983954,-0.4736736092984604,-0.4894421904510968,C,-0.5609748304808925
457,0,1,1,2.431806377537578,-0.47454519624983954,-0.4736736092984604,-0.11384570873513637,S,-0.5609748304808925
459,1,2,0,1.3984867200184652,-0.47454519624983954,-0.4736736092984604,-0.43700743807979686,S,-0.5609748304808925
461,1,1,1,1.2607107656825836,-0.47454519624983954,-0.4736736092984604,-0.11384570873513637,S,-0.5609748304808925
462,0,3,1,0.2962790853314117,-0.47454519624983954,-0.4736736092984604,-0.4863374216869257,S,-0.5609748304808925
463,0,1,1,1.1918227885146426,-0.47454519624983954,-0.4736736092984604,0.12676380314453292,S,-0.5609748304808925
464,0,2,1,1.2607107656825836,-0.47454519624983954,-0.4736736092984604,-0.3866707201133388,S,-0.5609748304808925
466,0,3,1,0.571830994003175,-0.47454519624983954,-0.4736736092984604,-0.5064721088735089,S,-0.5609748304808925
468,0,1,1,1.8118145830261103,-0.47454519624983954,-0.4736736092984604,-0.11384570873513637,S,-0.5609748304808925
470,1,3,0,-1.9942461555026214,1.340131927606843,0.7676298785983874,-0.26066180729354516,C,1.299429290952638
472,0,3,1,0.571830994003175,-0.47454519624983954,-0.4736736092984604,-0.47400492578514347,S,-0.5609748304808925
473,1,2,0,0.22739110816347086,0.4327933656785018,2.0089333664952354,-0.08968408411123653,S,1.299429290952638
474,1,2,0,-0.4614886635159376,-0.47454519624983954,-0.4736736092984604,-0.3707300882677209,C,-0.5609748304808925
475,0,3,0,-0.5303766406838785,-0.47454519624983954,-0.4736736092984604,-0.45034666834090825,S,-0.5609748304808925
477,0,2,1,0.2962790853314117,0.4327933656785018,-0.4736736092984604,-0.22559322262067316,S,0.059159876663617626
478,0,3,1,-0.04816080050829252,0.4327933656785018,-0.4736736092984604,-0.5065566745596926,S,0.059159876663617626
479,0,3,1,-0.5303766406838785,-0.47454519624983954,-0.4736736092984604,-0.4969926981460655,S,-0.5609748304808925
480,1,3,0,-1.9081361840426954,-0.47454519624983954,0.7676298785983874,-0.4010166847337793,S,0.059159876663617626
481,0,3,1,-1.4259203438671093,4.0621476133918675,2.0089333664952354,0.2958951755118318,S,3.779968119530679
483,0,3,1,1.3984867200184652,-0.47454519624983954,-0.4736736092984604,-0.4863374216869257,S,-0.5609748304808925
484,1,3,0,2.294030423201696,-0.47454519624983954,-0.4736736092984604,-0.455380340137554,S,-0.5609748304808925
485,1,1,1,-0.3237127091800559,0.4327933656785018,-0.4736736092984604,1.1854295476653287,C,0.059159876663617626
487,1,1,0,0.36516706249935255,0.4327933656785018,-0.4736736092984604,1.163700193253568,S,0.059159876663617626
488,0,1,1,1.949590537361992,-0.47454519624983954,-0.4736736092984604,-0.05042144409739929,C,-0.5609748304808925
489,0,3,1,0.020727176659648322,-0.47454519624983954,-0.4736736092984604,-0.4863374216869257,S,-0.5609748304808925
490,1,3,1,-1.4259203438671093,0.4327933656785018,0.7676298785983874,-0.32828012727224753,S,0.6792945838081278
492,0,3,1,-0.5992646178518193,-0.47454519624983954,-0.4736736092984604,-0.5024451714361923,S,-0.5609748304808925
493,0,1,1,1.7429266058581694,-0.47454519624983954,-0.4736736092984604,-0.034313694348132716,S,-0.5609748304808925
494,0,1,1,2.845134240545223,-0.47454519624983954,-0.4736736092984604,0.3483299278831318,C,-0.5609748304808925
495,0,3,1,-0.5992646178518193,-0.47454519624983954,-0.4736736092984604,-0.4863374216869257,S,-0.5609748304808925
497,1,1,0,1.6740386286902287,0.4327933656785018,-0.4736736092984604,0.9274538680872313,C,0.059159876663617626
499,0,1,0,-0.3237127091800559,0.4327933656785018,2.0089333664952354,2.4029901895877646,S,1.299429290952638
500,0,3,1,-0.3926006863479967,-0.47454519624983954,-0.4736736092984604,-0.49145565916975514,S,-0.5609748304808925
501,0,3,1,-0.8748165265235827,-0.47454519624983954,-0.4736736092984604,-0.47400492578514347,S,-0.5609748304808925
502,0,3,0,-0.5992646178518193,-0.47454519624983954,-0.4736736092984604,-0.49237782784290063,Q,-0.5609748304808925
504,0,3,0,0.5029430168352342,-0.47454519624983954,-0.4736736092984604,-0.455380340137554,S,-0.5609748304808925
505,1,1,0,-0.9437045036915235,-0.47454519624983954,-0.4736736092984604,1.093228788100527,S,-0.5609748304808925
506,0,1,1,-0.8059285493556418,0.4327933656785018,-0.4736736092984604,1.5442457810799908,C,0.059159876663617626
507,1,2,0,0.22739110816347086,-0.47454519624983954,2.0089333664952354,-0.12491978668775715,S,0.6792945838081278
509,0,3,1,-0.11704877767623337,-0.47454519624983954,-0.4736736092984604,-0.1948878246611338,S,-0.5609748304808925
510,1,3,1,-0.25482473201211503,-0.47454519624983954,-0.4736736092984604,0.48910360681684706,S,-0.5609748304808925
511,1,3,1,-0.04816080050829252,-0.47454519624983954,-0.4736736092984604,-0.49237782784290063,Q,-0.5609748304808925
513,1,1,1,0.43405503966729336,-0.47454519624983954,-0.4736736092984604,-0.11913106412161445,S,-0.5609748304808925
514,1,1,0,1.6740386286902287,0.4327933656785018,-0.4736736092984604,0.5475787653441219,C,0.059159876663617626
515,0,3,1,-0.3926006863479967,-0.47454519624983954,-0.4736736092984604,-0.4974960653257301,S,-0.5609748304808925
516,0,1,1,1.1918227885146426,-0.47454519624983954,-0.4736736092984604,0.036576512298389464,S,-0.5609748304808925
517,1,2,0,0.2962790853314117,-0.47454519624983954,-0.4736736092984604,-0.43700743807979686,S,-0.5609748304808925
519,1,2,0,0.43405503966729336,0.4327933656785018,-0.4736736092984604,-0.12491978668775715,S,0.059159876663617626
520,0,3,1,0.15850313099553,-0.47454519624983954,-0.4736736092984604,-0.4894421904510968,S,-0.5609748304808925
521,1,1,0,0.020727176659648322,-0.47454519624983954,-0.4736736092984604,1.2341715984066093,S,-0.5609748304808925
522,0,3,1,-0.5303766406838785,-0.47454519624983954,-0.4736736092984604,-0.4894421904510968,S,-0.5609748304808925
524,1,1,0,0.9851588570108202,-0.47454519624983954,0.7676298785983874,0.5189714017894245,C,0.059159876663617626
526,0,3,1,0.7440509369230272,-0.47454519624983954,-0.4736736092984604,-0.49237782784290063,Q,-0.5609748304808925
527,1,2,0,1.3984867200184652,-0.47454519624983954,-0.4736736092984604,-0.43700743807979686,S,-0.5609748304808925
529,0,3,1,0.6407189711711159,-0.47454519624983954,-0.4736736092984604,-0.4888542575852486,S,-0.5609748304808925
530,0,2,1,-0.4614886635159376,1.340131927606843,0.7676298785983874,-0.41687275089321363,S,1.299429290952638
531,1,2,0,-1.9081361840426954,0.4327933656785018,0.7676298785983874,-0.12491978668775715,S,0.6792945838081278
533,0,3,1,-0.8748165265235827,0.4327933656785018,0.7676298785983874,-0.5028639729296732,C,0.6792945838081278
535,0,3,0,0.020727176659648322,-0.47454519624983954,-0.4736736092984604,-0.47400492578514347,S,-0.5609748304808925
536,1,2,0,-1.5636962982029912,-0.47454519624983954,2.0089333664952354,-0.11988611489111134,S,0.6792945838081278
537,0,1,1,1.054046834178761,-0.47454519624983954,-0.4736736092984604,-0.11384570873513637,S,-0.5609748304808925
538,1,1,0,0.020727176659648322,-0.47454519624983954,-0.4736736092984604,1.4944124302931971,C,-0.5609748304808925
540,1,1,0,-0.5303766406838785,-0.47454519624983954,2.0089333664952354,0.3482453621969482,C,0.6792945838081278
541,1,1,0,0.43405503966729336,-0.47454519624983954,2.0089333664952354,0.7811411367084872,S,0.6792945838081278
542,0,3,0,-1.4259203438671093,3.1548090514635256,2.0089333664952354,-0.01870931177853076,S,3.1598334123861687
543,0,3,0,-1.2881443895312277,3.1548090514635256,2.0089333664952354,-0.01870931177853076,S,3.1598334123861687
544,1,2,1,0.15850313099553,0.4327933656785018,-0.4736736092984604,-0.12491978668775715,S,0.059159876663617626
545,0,1,1,1.3984867200184652,0.4327933656785018,-0.4736736092984604,1.4944124302931971,C,0.059159876663617626
546,0,1,1,2.362918400369637,-0.47454519624983954,-0.4736736092984604,-0.12491978668775715,S,-0.5609748304808925
547,1,2,0,-0.7370405721877009,0.4327933656785018,-0.4736736092984604,-0.12491978668775715,S,0.059159876663617626
549,0,3,1,0.22739110816347086,0.4327933656785018,0.7676298785983874,-0.2351571990343002,S,0.6792945838081278
550,1,2,1,-1.4948083210350502,0.4327933656785018,0.7676298785983874,0.09152810056801232,S,0.6792945838081278
551,1,1,1,-0.8748165265235827,-0.47454519624983954,2.0089333664952354,1.5841789061771412,C,0.6792945838081278
552,0,2,1,-0.1859367548441742,-0.47454519624983954,-0.4736736092984604,-0.12491978668775715,S,-0.5609748304808925
554,1,3,1,-0.5303766406838785,-0.47454519624983954,-0.4736736092984604,-0.5029485386158568,C,-0.5609748304808925
555,1,3,0,-0.5303766406838785,-0.47454519624983954,-0.4736736092984604,-0.4918744606632361,S,-0.5609748304808925
556,0,1,1,2.225142446033755,-0.47454519624983954,-0.4736736092984604,-0.11384570873513637,S,-0.5609748304808925
557,1,1,0,1.2607107656825836,0.4327933656785018,-0.4736736092984604,0.1489119590497745,C,0.059159876663617626
559,1,1,0,0.6407189711711159,0.4327933656785018,0.7676298785983874,0.955306180872432,S,0.6792945838081278
560,1,3,0,0.43405503966729336,0.4327933656785018,-0.4736736092984604,-0.29807809649237277,S,0.059159876663617626
562,0,3,1,0.7096069483390568,-0.47454519624983954,-0.4736736092984604,-0.4894421904510968,S,-0.5609748304808925
563,0,2,1,-0.11704877767623337,-0.47454519624983954,-0.4736736092984604,-0.3766033765200472,S,-0.5609748304808925
566,0,3,1,-0.3926006863479967,1.340131927606843,-0.4736736092984604,-0.1621689579829361,S,0.6792945838081278
567,0,3,1,-0.7370405721877009,-0.47454519624983954,-0.4736736092984604,-0.4894421904510968,S,-0.5609748304808925
568,0,3,0,-0.04816080050829252,-0.47454519624983954,4.491540342288931,-0.22408312108167944,S,1.9195639980971482
570,1,3,1,0.15850313099553,-0.47454519624983954,-0.4736736092984604,-0.4902797934380587,S,-0.5609748304808925
571,1,2,1,2.225142446033755,-0.47454519624983954,-0.4736736092984604,-0.43700743807979686,S,-0.5609748304808925
572,1,1,0,1.6051506515222878,1.340131927606843,-0.4736736092984604,0.38809593507663365,S,0.6792945838081278
573,1,1,1,0.43405503966729336,-0.47454519624983954,-0.4736736092984604,-0.11711759540295616,S,-0.5609748304808925
575,0,3,1,-0.9437045036915235,-0.47454519624983954,-0.4736736092984604,-0.4863374216869257,S,-0.5609748304808925
576,0,3,1,-0.7370405721877009,-0.47454519624983954,-0.4736736092984604,-0.35646868933346404,S,-0.5609748304808925
577,1,2,0,0.2962790853314117,-0.47454519624983954,-0.4736736092984604,-0.3866707201133388,S,-0.5609748304808925
578,1,1,0,0.6407189711711159,0.4327933656785018,-0.4736736092984604,0.4771073601910807,S,0.059159876663617626
580,1,3,1,0.15850313099553,-0.47454519624983954,-0.4736736092984604,-0.4888542575852486,S,-0.5609748304808925
581,1,2,0,-0.3237127091800559,0.4327933656785018,0.7676298785983874,-0.04438103794142432,S,0.6792945838081278
582,1,1,0,0.6407189711711159,0.4327933656785018,0.7676298785983874,1.5841789061771412,C,0.6792945838081278
583,0,2,1,1.6740386286902287,-0.47454519624983954,-0.4736736092984604,-0.12491978668775715,S,-0.5609748304808925
584,0,1,1,0.43405503966729336,-0.47454519624983954,-0.4736736092984604,0.15948266982273065,C,-0.5609748304808925
586,1,1,0,-0.8059285493556418,-0.47454519624983954,2.0089333664952354,0.955306180872432,S,0.6792945838081278
587,0,2,1,1.1918227885146426,-0.47454519624983954,-0.4736736092984604,-0.3464013457401724,S,-0.5609748304808925
588,1,1,1,2.087366491697874,0.4327933656785018,0.7676298785983874,0.9462455716384695,C,0.6792945838081278
589,0,3,1,-0.5303766406838785,-0.47454519624983954,-0.4736736092984604,-0.4863374216869257,S,-0.5609748304808925
591,0,3,1,0.36516706249935255,-0.47454519624983954,-0.4736736092984604,-0.5049620073345151,S,-0.5609748304808925
592,1,1,0,1.5362626743543468,0.4327933656785018,-0.4736736092984604,0.9274538680872313,C,0.059159876663617626
593,0,3,1,1.1918227885146426,-0.47454519624983954,-0.4736736092984604,-0.5024451714361923,S,-0.5609748304808925
595,0,2,1,0.5029430168352342,0.4327933656785018,-0.4736736092984604,-0.12491978668775715,S,0.059159876663617626
596,0,3,1,0.43405503966729336,0.4327933656785018,0.7676298785983874,-0.1621689579829361,S,0.6792945838081278
598,0,3,1,1.3295987428505243,-0.47454519624983954,-0.4736736092984604,-0.6484216535389205,S,-0.5609748304808925
600,1,1,1,1.3295987428505243,0.4327933656785018,-0.4736736092984604,0.49782998024351216,C,0.059159876663617626
601,1,2,0,-0.3926006863479967,1.340131927606843,0.7676298785983874,-0.10478509950117394,S,1.299429290952638
604,0,3,1,0.9851588570108202,-0.47454519624983954,-0.4736736092984604,-0.4863374216869257,S,-0.5609748304808925
605,1,1,1,0.36516706249935255,-0.47454519624983954,-0.4736736092984604,-0.11384570873513637,C,-0.5609748304808925
606,0,3,1,0.43405503966729336,0.4327933656785018,-0.4736736092984604,-0.3353272677875516,S,0.059159876663617626
607,0,3,1,0.020727176659648322,-0.47454519624983954,-0.4736736092984604,-0.4894421904510968,S,-0.5609748304808925
608,1,1,1,-0.1859367548441742,-0.47454519624983954,-0.4736736092984604,-0.034313694348132716,S,-0.5609748304808925
609,1,2,0,-0.5303766406838785,0.4327933656785018,2.0089333664952354,0.18876253192945994,C,1.299429290952638
610,1,1,0,0.7096069483390568,-0.47454519624983954,-0.4736736092984604,2.441497778832105,S,-0.5609748304808925
611,0,3,0,0.6407189711711159,0.4327933656785018,5.73284383018578,-0.01870931177853076,S,3.1598334123861687
615,0,3,1,0.36516706249935255,-0.47454519624983954,-0.4736736092984604,-0.4863374216869257,S,-0.5609748304808925
616,1,2,0,-0.3926006863479967,0.4327933656785018,2.0089333664952354,0.6603330135889879,S,1.299429290952638
617,0,3,1,0.2962790853314117,0.4327933656785018,0.7676298785983874,-0.35848215805212236,S,0.6792945838081278
618,0,3,0,-0.25482473201211503,0.4327933656785018,-0.4736736092984604,-0.32425318983493084,S,0.059159876663617626
619,1,2,0,-1.7703602297068137,1.340131927606843,0.7676298785983874,0.13683114673782454,S,1.299429290952638
620,0,2,1,-0.25482473201211503,-0.47454519624983954,-0.4736736092984604,-0.43700743807979686,S,-0.5609748304808925
621,0,3,1,-0.1859367548441742,0.4327933656785018,-0.4736736092984604,-0.3573908580066095,C,0.059159876663617626
622,1,1,1,0.8473829026749384,0.4327933656785018,-0.4736736092984604,0.40974072380221066,S,0.059159876663617626
623,1,3,1,-0.6681525950197601,0.4327933656785018,0.7676298785983874,-0.33146744825388363,C,0.6792945838081278
624,0,3,1,-0.5992646178518193,-0.47454519624983954,-0.4736736092984604,-0.4902797934380587,S,-0.5609748304808925
625,0,3,1,-0.5992646178518193,-0.47454519624983954,-0.4736736092984604,-0.32425318983493084,S,-0.5609748304808925
626,0,1,1,2.1562544688658143,-0.47454519624983954,-0.4736736092984604,0.002347544081197954,S,-0.5609748304808925
627,0,2,1,1.880702560194051,-0.47454519624983954,-0.4736736092984604,-0.3997582667846179,Q,-0.5609748304808925
628,1,1,0,-0.5992646178518193,-0.47454519624983954,-0.4736736092984604,0.921244330558889,S,-0.5609748304808925
629,0,3,1,-0.25482473201211503,-0.47454519624983954,-0.4736736092984604,-0.4894421904510968,S,-0.5609748304808925
631,1,1,1,3.4651260350566906,-0.47454519624983954,-0.4736736092984604,-0.04438103794142432,S,-0.5609748304808925
632,0,3,1,1.4673746971864061,-0.47454519624983954,-0.4736736092984604,-0.5063875431873253,S,-0.5609748304808925
633,1,1,1,0.15850313099553,-0.47454519624983954,-0.4736736092984604,-0.034313694348132716,C,-0.5609748304808925
635,0,3,0,-1.4259203438671093,2.2474704895351842,2.0089333664952354,-0.08666388103324908,S,2.5396987052416584
636,1,2,0,-0.11704877767623337,-0.47454519624983954,-0.4736736092984604,-0.3866707201133388,S,-0.5609748304808925
637,0,3,1,0.15850313099553,-0.47454519624983954,-0.4736736092984604,-0.4888542575852486,S,-0.5609748304808925
638,0,2,1,0.08961515382758917,0.4327933656785018,0.7676298785983874,-0.11988611489111134,S,0.6792945838081278
639,0,3,0,0.7784949255069976,-0.47454519624983954,5.73284383018578,0.1506737441786005,S,2.5396987052416584
641,0,3,1,-0.6681525950197601,-0.47454519624983954,-0.4736736092984604,-0.4902797934380587,S,-0.5609748304808925
642,1,1,0,-0.3926006863479967,-0.47454519624983954,-0.4736736092984604,0.7469121684912956,C,-0.5609748304808925
643,0,3,0,-1.9081361840426954,2.2474704895351842,2.0089333664952354,-0.08666388103324908,S,2.5396987052416584
645,1,3,0,-1.9942461555026214,1.340131927606843,0.7676298785983874,-0.26066180729354516,C,1.299429290952638
646,1,1,1,1.2607107656825836,0.4327933656785018,-0.4736736092984604,0.8964967865378598,C,0.059159876663617626
647,0,3,1,-0.7370405721877009,-0.47454519624983954,-0.4736736092984604,-0.4894421904510968,S,-0.5609748304808925
648,1,1,1,1.8118145830261103,-0.47454519624983954,-0.4736736092984604,0.06635974158478332,C,-0.5609748304808925
650,1,3,0,-0.4614886635159376,-0.47454519624983954,-0.4736736092984604,-0.49640476528021726,S,-0.5609748304808925
652,1,2,0,-0.8059285493556418,-0.47454519624983954,0.7676298785983874,-0.18532384824750675,S,0.059159876663617626
653,0,3,1,-0.5992646178518193,-0.47454519624983954,-0.4736736092984604,-0.47861979608830835,S,-0.5609748304808925
655,0,3,0,-0.8059285493556418,-0.47454519624983954,-0.4736736092984604,-0.5125125150294839,Q,-0.5609748304808925
656,0,2,1,-0.3926006863479967,1.340131927606843,-0.4736736092984604,0.8314778546749452,S,0.6792945838081278
658,0,3,0,0.15850313099553,0.4327933656785018,0.7676298785983874,-0.3363340021468808,Q,0.6792945838081278
659,0,2,1,-0.4614886635159376,-0.47454519624983954,-0.4736736092984604,-0.3866707201133388,S,-0.5609748304808925
660,0,1,1,1.949590537361992,-0.47454519624983954,2.0089333664952354,1.6323350375212924,C,0.6792945838081278
661,1,1,1,1.3984867200184652,1.340131927606843,-0.4736736092984604,2.042579288947925,S,0.6792945838081278
662,0,3,1,0.7096069483390568,-0.47454519624983954,-0.4736736092984604,-0.5029485386158568,C,-0.5609748304808925
663,0,1,1,1.1918227885146426,-0.47454519624983954,-0.4736736092984604,-0.13322534515222276,S,-0.5609748304808925
664,0,3,1,0.43405503966729336,-0.47454519624983954,-0.4736736092984604,-0.4974960653257301,S,-0.5609748304808925
665,1,3,1,-0.6681525950197601,0.4327933656785018,-0.4736736092984604,-0.4888542575852486,S,0.059159876663617626
666,0,2,1,0.15850313099553,1.340131927606843,-0.4736736092984604,0.8314778546749452,S,0.6792945838081278
667,0,2,1,-0.3237127091800559,-0.47454519624983954,-0.4736736092984604,-0.3866707201133388,S,-0.5609748304808925
669,0,3,1,0.9162708798428792,-0.47454519624983954,-0.4736736092984604,-0.4863374216869257,S,-0.5609748304808925
671,1,2,0,0.7096069483390568,0.4327933656785018,0.7676298785983874,0.13683114673782454,S,0.6792945838081278
672,0,1,1,0.08961515382758917,0.4327933656785018,-0.4736736092984604,0.39858208016340624,S,0.059159876663617626
673,0,2,1,2.776246263377282,-0.47454519624983954,-0.4736736092984604,-0.43700743807979686,S,-0.5609748304808925
674,1,2,1,0.08961515382758917,-0.47454519624983954,-0.4736736092984604,-0.3866707201133388,S,-0.5609748304808925
676,0,3,1,-0.8059285493556418,-0.47454519624983954,-0.4736736092984604,-0.4918744606632361,S,-0.5609748304808925
677,0,3,1,-0.3581566977640263,-0.47454519624983954,-0.4736736092984604,-0.4863374216869257,S,-0.5609748304808925
678,1,3,0,-0.8059285493556418,-0.47454519624983954,-0.4736736092984604,-0.45026210265472455,S,-0.5609748304808925
679,0,3,0,0.9162708798428792,0.4327933656785018,6.974147318082627,0.2958951755118318,S,3.779968119530679
680,1,1,1,0.43405503966729336,-0.47454519624983954,0.7676298785983874,9.667166525013505,C,0.059159876663617626
682,1,1,1,-0.1859367548441742,-0.47454519624983954,-0.4736736092984604,0.8964967865378598,C,-0.5609748304808925
683,0,3,1,-0.6681525950197601,-0.47454519624983954,-0.4736736092984604,-0.4626791642426904,S,-0.5609748304808925
684,0,3,1,-1.0814804580274051,4.0621476133918675,2.0089333664952354,0.2958951755118318,S,3.779968119530679
685,0,2,1,2.087366491697874,0.4327933656785018,0.7676298785983874,0.13683114673782454,S,0.6792945838081278
686,0,2,1,-0.3237127091800559,0.4327933656785018,2.0089333664952354,0.18876253192945994,C,1.299429290952638
687,0,3,1,-1.0814804580274051,3.1548090514635256,0.7676298785983874,0.1506737441786005,S,2.5396987052416584
688,0,3,1,-0.7370405721877009,-0.47454519624983954,-0.4736736092984604,-0.44363577710162005,S,-0.5609748304808925
689,0,3,1,-0.8059285493556418,-0.47454519624983954,-0.4736736092984604,-0.49145565916975514,S,-0.5609748304808925
690,1,1,0,-1.0125924808594644,-0.47454519624983954,0.7676298785983874,3.6067927997556075,S,0.059159876663617626
691,1,1,1,0.08961515382758917,0.4327933656785018,-0.4736736092984604,0.49925551609632224,S,0.059159876663617626
692,1,3,0,-1.7703602297068137,-0.47454519624983954,0.7676298785983874,-0.37828059596268965,C,0.059159876663617626
694,0,3,1,-0.3237127091800559,-0.47454519624983954,-0.4736736092984604,-0.5029485386158568,C,-0.5609748304808925
695,0,1,1,2.087366491697874,-0.47454519624983954,-0.4736736092984604,-0.11384570873513637,S,-0.5609748304808925
696,0,2,1,1.5362626743543468,-0.47454519624983954,-0.4736736092984604,-0.3766033765200472,S,-0.5609748304808925
697,0,3,1,0.9851588570108202,-0.47454519624983954,-0.4736736092984604,-0.4863374216869257,S,-0.5609748304808925
699,0,1,1,1.3295987428505243,0.4327933656785018,0.7676298785983874,1.5841789061771412,C,0.6792945838081278
700,0,3,1,0.8473829026749384,-0.47454519624983954,-0.4736736092984604,-0.494391296561559,S,-0.5609748304808925
701,1,1,0,-0.8059285493556418,0.4327933656785018,-0.4736736092984604,3.9327230485884233,C,0.059159876663617626
702,1,1,1,0.36516706249935255,-0.47454519624983954,-0.4736736092984604,-0.11913106412161445,S,-0.5609748304808925
703,0,3,0,-0.8059285493556418,-0.47454519624983954,0.7676298785983874,-0.3573908580066095,C,0.059159876663617626
704,0,3,1,-0.3237127091800559,-0.47454519624983954,-0.4736736092984604,-0.4925449457465493,Q,-0.5609748304808925
705,0,3,1,-0.25482473201211503,0.4327933656785018,-0.4736736092984604,-0.4902797934380587,S,0.059159876663617626
706,0,2,1,0.6407189711711159,-0.47454519624983954,-0.4736736092984604,-0.12491978668775715,S,-0.5609748304808925
707,1,2,0,1.054046834178761,-0.47454519624983954,-0.4736736092984604,-0.3766033765200472,S,-0.5609748304808925
708,1,1,1,0.8473829026749384,-0.47454519624983954,-0.4736736092984604,-0.11913106412161445,S,-0.5609748304808925
709,1,1,0,-0.5303766406838785,-0.47454519624983954,-0.4736736092984604,2.4029901895877646,S,-0.5609748304808925
711,1,1,0,-0.3926006863479967,-0.47454519624983954,-0.4736736092984604,0.3483299278831318,C,-0.5609748304808925
713,1,1,1,1.2607107656825836,0.4327933656785018,-0.4736736092984604,0.39858208016340624,S,0.059159876663617626
714,0,3,1,-0.04816080050829252,-0.47454519624983954,-0.4736736092984604,-0.457478374542396,S,-0.5609748304808925
715,0,2,1,1.5362626743543468,-0.47454519624983954,-0.4736736092984604,-0.3866707201133388,S,-0.5609748304808925
716,0,3,1,-0.7370405721877009,-0.47454519624983954,-0.4736736092984604,-0.494391296561559,S,-0.5609748304808925
717,1,1,0,0.571830994003175,-0.47454519624983954,-0.4736736092984604,3.9327230485884233,C,-0.5609748304808925
718,1,2,0,-0.1859367548441742,-0.47454519624983954,-0.4736736092984604,-0.43700743807979686,S,-0.5609748304808925
720,0,3,1,0.22739110816347086,-0.47454519624983954,-0.4736736092984604,-0.4918744606632361,S,-0.5609748304808925
721,1,2,0,-1.6325842753709319,-0.47454519624983954,0.7676298785983874,0.016023023618325298,S,0.059159876663617626
722,0,3,1,-0.8748165265235827,0.4327933656785018,-0.4736736092984604,-0.5063875431873253,S,0.059159876663617626
723,0,2,1,0.2962790853314117,-0.47454519624983954,-0.4736736092984604,-0.3866707201133388,S,-0.5609748304808925
724,0,2,1,1.3984867200184652,-0.47454519624983954,-0.4736736092984604,-0.3866707201133388,S,-0.5609748304808925
725,1,1,1,-0.1859367548441742,0.4327933656785018,-0.4736736092984604,0.4207302360686478,S,0.059159876663617626
726,0,3,1,-0.6681525950197601,-0.47454519624983954,-0.4736736092984604,-0.47400492578514347,S,-0.5609748304808925
727,1,2,0,0.020727176659648322,2.2474704895351842,-0.4736736092984604,-0.22559322262067316,S,1.299429290952638
729,0,2,1,-0.3237127091800559,0.4327933656785018,-0.4736736092984604,-0.12491978668775715,S,0.059159876663617626
730,0,3,0,-0.3237127091800559,0.4327933656785018,-0.4736736092984604,-0.4888542575852486,S,0.059159876663617626
731,1,1,0,-0.04816080050829252,-0.47454519624983954,-0.4736736092984604,3.6067927997556075,S,-0.5609748304808925
732,0,3,1,-1.2881443895312277,-0.47454519624983954,-0.4736736092984604,-0.2701412180209885,C,-0.5609748304808925
734,0,2,1,-0.4614886635159376,-0.47454519624983954,-0.4736736092984604,-0.3866707201133388,S,-0.5609748304808925
735,0,2,1,-0.4614886635159376,-0.47454519624983954,-0.4736736092984604,-0.3866707201133388,S,-0.5609748304808925
736,0,3,1,-0.08260478909226295,-0.47454519624983954,-0.4736736092984604,-0.32425318983493084,S,-0.5609748304808925
737,0,3,0,1.2607107656825836,0.4327933656785018,3.250236854392083,0.04370821849987721,S,1.9195639980971482
738,1,1,1,0.36516706249935255,-0.47454519624983954,-0.4736736092984604,9.667166525013505,C,-0.5609748304808925
742,0,1,1,0.43405503966729336,0.4327933656785018,-0.4736736092984604,0.9391984311231651,S,0.059159876663617626
743,1,1,0,-0.5992646178518193,1.340131927606843,2.0089333664952354,4.634416897040849,C,1.9195639980971482
744,0,3,1,-0.3926006863479967,0.4327933656785018,-0.4736736092984604,-0.32425318983493084,S,0.059159876663617626
745,1,3,1,0.08961515382758917,-0.47454519624983954,-0.4736736092984604,-0.4888542575852486,S,-0.5609748304808925
746,0,1,1,2.776246263377282,0.4327933656785018,0.7676298785983874,0.7811411367084872,S,0.6792945838081278
747,0,3,1,-0.9437045036915235,0.4327933656785018,0.7676298785983874,-0.24069423801061057,S,0.6792945838081278
748,1,2,0,0.020727176659648322,-0.47454519624983954,-0.4736736092984604,-0.3866707201133388,S,-0.5609748304808925
749,0,1,1,-0.7370405721877009,0.4327933656785018,-0.4736736092984604,0.4207302360686478,S,0.059159876663617626
750,0,3,1,0.08961515382758917,-0.47454519624983954,-0.4736736092984604,-0.49237782784290063,Q,-0.5609748304808925
751,1,2,0,-1.7703602297068137,0.4327933656785018,0.7676298785983874,-0.18532384824750675,S,0.6792945838081278
752,1,3,1,-1.6325842753709319,-0.47454519624983954,0.7676298785983874,-0.397241430886295,S,0.059159876663617626
753,0,3,1,0.22739110816347086,-0.47454519624983954,-0.4736736092984604,-0.45714212526638004,S,-0.5609748304808925
754,0,3,1,-0.4614886635159376,-0.47454519624983954,-0.4736736092984604,-0.4894421904510968,S,-0.5609748304808925
755,1,2,0,1.2607107656825836,0.4327933656785018,2.0089333664952354,0.6603330135889879,S,1.299429290952638
756,1,2,1,-1.9997571936760565,0.4327933656785018,0.7676298785983874,-0.35646868933346404,S,0.6792945838081278
757,0,3,1,-0.11704877767623337,-0.47454519624983954,-0.4736736092984604,-0.49145565916975514,S,-0.5609748304808925
758,0,2,1,-0.8059285493556418,-0.47454519624983954,-0.4736736092984604,-0.41687275089321363,S,-0.5609748304808925
759,0,3,1,0.2962790853314117,-0.47454519624983954,-0.4736736092984604,-0.4863374216869257,S,-0.5609748304808925
760,1,1,0,0.22739110816347086,-0.47454519624983954,-0.4736736092984604,1.093228788100527,S,-0.5609748304808925
762,0,3,1,0.7784949255069976,-0.47454519624983954,-0.4736736092984604,-0.5049620073345151,S,-0.5609748304808925
763,1,3,1,-0.6681525950197601,-0.47454519624983954,-0.4736736092984604,-0.5028639729296732,C,-0.5609748304808925
764,1,1,0,0.43405503966729336,0.4327933656785018,2.0089333664952354,1.7677408088510642,S,1.299429290952638
765,0,3,1,-0.9437045036915235,-0.47454519624983954,-0.4736736092984604,-0.4918744606632361,S,-0.5609748304808925
766,1,1,0,1.4673746971864061,0.4327933656785018,-0.4736736092984604,0.921244330558889,S,0.059159876663617626
768,0,3,0,0.055171165243618744,-0.47454519624983954,-0.4736736092984604,-0.49237782784290063,Q,-0.5609748304808925
770,0,3,1,0.15850313099553,-0.47454519624983954,-0.4736736092984604,-0.4800453319411184,S,-0.5609748304808925
771,0,3,1,-0.3926006863479967,-0.47454519624983954,-0.4736736092984604,-0.45714212526638004,S,-0.5609748304808925
772,0,3,1,1.2607107656825836,-0.47454519624983954,-0.4736736092984604,-0.4902797934380587,S,-0.5609748304808925
773,0,2,0,1.880702560194051,-0.47454519624983954,-0.4736736092984604,-0.43700743807979686,S,-0.5609748304808925
775,1,2,0,1.6740386286902287,0.4327933656785018,3.250236854392083,-0.18532384824750675,S,1.9195639980971482
776,0,3,1,-0.8059285493556418,-0.47454519624983954,-0.4736736092984604,-0.49237782784290063,S,-0.5609748304808925
778,1,3,0,-1.7014722525388728,-0.47454519624983954,-0.4736736092984604,-0.397241430886295,S,-0.5609748304808925
780,1,1,0,0.9162708798428792,-0.47454519624983954,0.7676298785983874,3.6067927997556075,S,0.059159876663617626
781,1,3,0,-1.150368435195346,-0.47454519624983954,-0.4736736092984604,-0.5028639729296732,C,-0.5609748304808925
782,1,1,0,-0.8748165265235827,0.4327933656785018,-0.4736736092984604,0.49925551609632224,S,0.059159876663617626
783,0,1,1,-0.04816080050829252,-0.47454519624983954,-0.4736736092984604,-0.04438103794142432,S,-0.5609748304808925
785,0,3,1,-0.3237127091800559,-0.47454519624983954,-0.4736736092984604,-0.5064721088735089,S,-0.5609748304808925
786,0,3,1,-0.3237127091800559,-0.47454519624983954,-0.4736736092984604,-0.5024451714361923,S,-0.5609748304808925
787,1,3,0,-0.8059285493556418,-0.47454519624983954,-0.4736736092984604,-0.4974960653257301,S,-0.5609748304808925
788,0,3,1,-1.4948083210350502,3.1548090514635256,0.7676298785983874,-0.06199888922968463,Q,2.5396987052416584
789,1,3,1,-1.977024161210636,0.4327933656785018,2.0089333664952354,-0.23415046467497105,S,1.299429290952638
790,0,1,1,1.122934811346702,-0.47454519624983954,-0.4736736092984604,0.9462455716384695,C,-0.5609748304808925
792,0,2,1,-0.9437045036915235,-0.47454519624983954,-0.4736736092984604,-0.12491978668775715,S,-0.5609748304808925
795,0,3,1,-0.3237127091800559,-0.47454519624983954,-0.4736736092984604,-0.4894421904510968,S,-0.5609748304808925
796,0,2,1,0.6407189711711159,-0.47454519624983954,-0.4736736092984604,-0.3866707201133388,S,-0.5609748304808925
797,1,1,0,1.3295987428505243,-0.47454519624983954,-0.4736736092984604,-0.1263453225405672,S,-0.5609748304808925
798,1,3,0,0.08961515382758917,-0.47454519624983954,-0.4736736092984604,-0.4735861242916626,S,-0.5609748304808925
799,0,3,1,0.020727176659648322,-0.47454519624983954,-0.4736736092984604,-0.5028639729296732,C,-0.5609748304808925
800,0,3,0,0.020727176659648322,0.4327933656785018,0.7676298785983874,-0.1621689579829361,S,0.6792945838081278
801,0,2,1,0.2962790853314117,-0.47454519624983954,-0.4736736092984604,-0.3866707201133388,S,-0.5609748304808925
802,1,2,0,0.08961515382758917,0.4327933656785018,0.7676298785983874,-0.11988611489111134,S,0.6792945838081278
803,1,1,1,-1.2881443895312277,0.4327933656785018,2.0089333664952354,1.7677408088510642,S,1.299429290952638
804,1,3,1,-2.0169791879680417,-0.47454519624983954,0.7676298785983874,-0.47694056317694733,C,0.059159876663617626
805,1,3,1,-0.1859367548441742,-0.47454519624983954,-0.4736736092984604,-0.5079822104125026,S,-0.5609748304808925
806,0,3,1,0.08961515382758917,-0.47454519624983954,-0.4736736092984604,-0.4918744606632361,S,-0.5609748304808925
807,0,1,1,0.6407189711711159,-0.47454519624983954,-0.4736736092984604,-0.6484216535389205,S,-0.5609748304808925
808,0,3,0,-0.8059285493556418,-0.47454519624983954,-0.4736736092984604,-0.4918744606632361,S,-0.5609748304808925
809,0,2,1,0.6407189711711159,-0.47454519624983954,-0.4736736092984604,-0.3866707201133388,S,-0.5609748304808925
810,1,1,0,0.22739110816347086,0.4327933656785018,-0.4736736092984604,0.4207302360686478,S,0.059159876663617626
811,0,3,1,-0.25482473201211503,-0.47454519624983954,-0.4736736092984604,-0.4896093083547455,S,-0.5609748304808925
812,0,3,1,0.6407189711711159,-0.47454519624983954,-0.4736736092984604,-0.1621689579829361,S,-0.5609748304808925
813,0,2,1,0.36516706249935255,-0.47454519624983954,-0.4736736092984604,-0.43700743807979686,S,-0.5609748304808925
814,0,3,0,-1.6325842753709319,3.1548090514635256,2.0089333664952354,-0.01870931177853076,S,3.1598334123861687
815,0,3,1,0.055171165243618744,-0.47454519624983954,-0.4736736092984604,-0.4863374216869257,S,-0.5609748304808925
817,0,3,0,-0.4614886635159376,-0.47454519624983954,-0.4736736092984604,-0.4888542575852486,S,-0.5609748304808925
818,0,2,1,0.08961515382758917,0.4327933656785018,0.7676298785983874,0.09664633805084172,C,0.6792945838081278
819,0,3,1,0.9162708798428792,-0.47454519624983954,-0.4736736092984604,-0.5185529211854588,S,-0.5609748304808925
820,0,3,1,-1.3570323666991686,2.2474704895351842,2.0089333664952354,-0.08666388103324908,S,2.5396987052416584
821,1,1,0,1.5362626743543468,0.4327933656785018,0.7676298785983874,1.2341715984066093,S,0.6792945838081278
822,1,3,1,-0.1859367548441742,-0.47454519624983954,-0.4736736092984604,-0.47400492578514347,S,-0.5609748304808925
823,0,1,1,0.571830994003175,-0.47454519624983954,-0.4736736092984604,-0.6484216535389205,S,-0.5609748304808925
824,1,3,0,-0.1859367548441742,-0.47454519624983954,0.7676298785983874,-0.397241430886295,S,0.059159876663617626
825,0,3,1,-1.9081361840426954,3.1548090514635256,0.7676298785983874,0.1506737441786005,S,2.5396987052416584
828,1,2,1,-1.977024161210636,-0.47454519624983954,2.0089333664952354,0.09664633805084172,C,0.6792945838081278
831,1,3,0,-1.0125924808594644,0.4327933656785018,-0.4736736092984604,-0.3573908580066095,C,0.059159876663617626
832,1,2,1,-1.9887351173291863,0.4327933656785018,0.7676298785983874,-0.2708962687904854,S,0.6792945838081278
834,0,3,1,-0.4614886635159376,-0.47454519624983954,-0.4736736092984604,-0.4902797934380587,S,-0.5609748304808925
835,0,3,1,-0.8059285493556418,-0.47454519624983954,-0.4736736092984604,-0.48130374989027985,S,-0.5609748304808925
836,1,1,0,0.6407189711711159,0.4327933656785018,0.7676298785983874,1.0259447039291216,C,0.6792945838081278
837,0,3,1,-0.5992646178518193,-0.47454519624983954,-0.4736736092984604,-0.47400492578514347,S,-0.5609748304808925
839,1,3,1,0.15850313099553,-0.47454519624983954,-0.4736736092984604,0.48910360681684706,S,-0.5609748304808925
841,0,3,1,-0.6681525950197601,-0.47454519624983954,-0.4736736092984604,-0.4888542575852486,S,-0.5609748304808925
842,0,2,1,-0.9437045036915235,-0.47454519624983954,-0.4736736092984604,-0.43700743807979686,S,-0.5609748304808925
843,1,1,0,0.020727176659648322,-0.47454519624983954,-0.4736736092984604,-0.024246350754841113,C,-0.5609748304808925
844,0,3,1,0.33072307391538214,-0.47454519624983954,-0.4736736092984604,-0.5188046047752911,C,-0.5609748304808925
845,0,3,1,-0.8748165265235827,-0.47454519624983954,-0.4736736092984604,-0.47400492578514347,S,-0.5609748304808925
846,0,3,1,0.8473829026749384,-0.47454519624983954,-0.4736736092984604,-0.49640476528021726,S,-0.5609748304808925
848,0,3,1,0.36516706249935255,-0.47454519624983954,-0.4736736092984604,-0.4894421904510968,C,-0.5609748304808925
849,0,2,1,-0.11704877767623337,-0.47454519624983954,0.7676298785983874,0.016023023618325298,S,0.059159876663617626
851,0,3,1,-1.7703602297068137,3.1548090514635256,2.0089333664952354,-0.01870931177853076,S,3.1598334123861687
852,0,3,1,3.0517981720490455,-0.47454519624983954,-0.4736736092984604,-0.4918744606632361,S,-0.5609748304808925
853,0,3,0,-1.4259203438671093,0.4327933656785018,0.7676298785983874,-0.3414522396297103,C,0.6792945838081278
854,1,1,0,-0.9437045036915235,-0.47454519624983954,0.7676298785983874,0.14488502161245778,S,0.059159876663617626
855,0,2,0,0.9851588570108202,0.4327933656785018,-0.4736736092984604,-0.12491978668775715,S,0.059159876663617626
856,1,3,0,-0.8059285493556418,-0.47454519624983954,0.7676298785983874,-0.4601623283443675,S,0.059159876663617626
857,1,1,0,1.054046834178761,0.4327933656785018,0.7676298785983874,2.671117778445337,S,0.6792945838081278
858,1,1,1,1.4673746971864061,-0.47454519624983954,-0.4736736092984604,-0.11384570873513637,S,-0.5609748304808925
859,1,3,0,-0.3926006863479967,-0.47454519624983954,3.250236854392083,-0.26066180729354516,C,1.299429290952638
861,0,3,1,0.7784949255069976,1.340131927606843,-0.4736736092984604,-0.36435544630444866,S,0.6792945838081278
862,0,2,1,-0.5992646178518193,0.4327933656785018,-0.4736736092984604,-0.41687275089321363,S,0.059159876663617626
863,1,1,0,1.2607107656825836,-0.47454519624983954,-0.4736736092984604,-0.1263453225405672,S,-0.5609748304808925
865,0,2,1,-0.3926006863479967,-0.47454519624983954,-0.4736736092984604,-0.3866707201133388,S,-0.5609748304808925
866,1,2,0,0.8473829026749384,-0.47454519624983954,-0.4736736092984604,-0.3866707201133388,S,-0.5609748304808925
867,1,2,0,-0.1859367548441742,0.4327933656785018,-0.4736736092984604,-0.3693891181010945,C,0.059159876663617626
868,0,1,1,0.08961515382758917,-0.47454519624983954,-0.4736736092984604,0.3682954836973478,S,-0.5609748304808925
870,1,3,1,-1.7703602297068137,0.4327933656785018,0.7676298785983874,-0.4242561406845337,S,0.6792945838081278
871,0,3,1,-0.25482473201211503,-0.47454519624983954,-0.4736736092984604,-0.4894421904510968,S,-0.5609748304808925
872,1,1,0,1.1918227885146426,0.4327933656785018,0.7676298785983874,0.40974072380221066,S,0.6792945838081278
873,0,1,1,0.22739110816347086,-0.47454519624983954,-0.4736736092984604,-0.5477482176060045,S,-0.5609748304808925
874,0,3,1,1.1918227885146426,-0.47454519624983954,-0.4736736092984604,-0.46720946885967163,S,-0.5609748304808925
875,1,2,0,-0.11704877767623337,0.4327933656785018,-0.4736736092984604,-0.16518916106092355,C,0.059159876663617626
876,1,3,0,-1.0125924808594644,-0.47454519624983954,-0.4736736092984604,-0.5029485386158568,C,-0.5609748304808925
877,0,3,1,-0.6681525950197601,-0.47454519624983954,-0.4736736092984604,-0.45017955043725955,S,-0.5609748304808925
878,0,3,1,-0.7370405721877009,-0.47454519624983954,-0.4736736092984604,-0.4894421904510968,S,-0.5609748304808925
880,1,1,0,1.8118145830261103,-0.47454519624983954,0.7676298785983874,1.0259447039291216,C,0.059159876663617626
881,1,2,0,-0.3237127091800559,-0.47454519624983954,0.7676298785983874,-0.12491978668775715,S,0.059159876663617626
882,0,3,1,0.22739110816347086,-0.47454519624983954,-0.4736736092984604,-0.4894421904510968,S,-0.5609748304808925
883,0,3,0,-0.5303766406838785,-0.47454519624983954,-0.4736736092984604,-0.4366711888037809,S,-0.5609748304808925
884,0,2,1,-0.11704877767623337,-0.47454519624983954,-0.4736736092984604,-0.43700743807979686,S,-0.5609748304808925
885,0,3,1,-0.3237127091800559,-0.47454519624983954,-0.4736736092984604,-0.5064721088735089,S,-0.5609748304808925
886,0,3,0,0.6407189711711159,-0.47454519624983954,5.73284383018578,-0.06199888922968463,Q,2.5396987052416584
887,0,2,1,-0.1859367548441742,-0.47454519624983954,-0.4736736092984604,-0.3866707201133388,S,-0.5609748304808925
888,1,1,0,-0.7370405721877009,-0.47454519624983954,-0.4736736092984604,-0.04438103794142432,S,-0.5609748304808925
890,1,1,1,-0.25482473201211503,-0.47454519624983954,-0.4736736092984604,-0.04438103794142432,C,-0.5609748304808925
891,0,3,1,0.15850313099553,-0.47454519624983954,-0.4736736092984604,-0.49237782784290063,Q,-0.5609748304808925
