,0,1,2,3,4,5,6,7,8
0,0.0,0.0,1.0,3.0,1.0,22.0,1.0,0.0,7.25
1,1.0,0.0,0.0,1.0,0.0,38.0,1.0,0.0,71.2833
2,0.0,0.0,1.0,3.0,0.0,26.0,0.0,0.0,7.925
3,0.0,0.0,1.0,1.0,0.0,35.0,1.0,0.0,53.1
4,0.0,0.0,1.0,3.0,1.0,35.0,0.0,0.0,8.05
5,0.0,1.0,0.0,3.0,1.0,24.0,0.0,0.0,8.4583
6,0.0,0.0,1.0,1.0,1.0,54.0,0.0,0.0,51.8625
7,0.0,0.0,1.0,3.0,1.0,2.0,3.0,1.0,21.075
8,0.0,0.0,1.0,3.0,0.0,27.0,0.0,2.0,11.1333
9,1.0,0.0,0.0,2.0,0.0,14.0,1.0,0.0,30.0708
10,0.0,0.0,1.0,3.0,0.0,4.0,1.0,1.0,16.7
11,0.0,0.0,1.0,1.0,0.0,58.0,0.0,0.0,26.55
12,0.0,0.0,1.0,3.0,1.0,20.0,0.0,0.0,8.05
13,0.0,0.0,1.0,3.0,1.0,39.0,1.0,5.0,31.275
14,0.0,0.0,1.0,3.0,0.0,14.0,0.0,0.0,7.8542
15,0.0,0.0,1.0,2.0,0.0,55.0,0.0,0.0,16.0
16,0.0,1.0,0.0,3.0,1.0,2.0,4.0,1.0,29.125
17,0.0,0.0,1.0,2.0,1.0,24.0,0.0,0.0,13.0
18,0.0,0.0,1.0,3.0,0.0,31.0,1.0,0.0,18.0
19,1.0,0.0,0.0,3.0,0.0,24.0,0.0,0.0,7.225
20,0.0,0.0,1.0,2.0,1.0,35.0,0.0,0.0,26.0
21,0.0,0.0,1.0,2.0,1.0,34.0,0.0,0.0,13.0
22,0.0,1.0,0.0,3.0,0.0,15.0,0.0,0.0,8.0292
23,0.0,0.0,1.0,1.0,1.0,28.0,0.0,0.0,35.5
24,0.0,0.0,1.0,3.0,0.0,8.0,3.0,1.0,21.075
25,0.0,0.0,1.0,3.0,0.0,38.0,1.0,5.0,31.3875
26,1.0,0.0,0.0,3.0,1.0,24.0,0.0,0.0,7.225
27,0.0,0.0,1.0,1.0,1.0,19.0,3.0,2.0,263.0
28,0.0,1.0,0.0,3.0,0.0,24.0,0.0,0.0,7.8792
29,0.0,0.0,1.0,3.0,1.0,24.0,0.0,0.0,7.8958
30,1.0,0.0,0.0,1.0,1.0,40.0,0.0,0.0,27.7208
31,1.0,0.0,0.0,1.0,0.0,24.0,1.0,0.0,146.5208
32,0.0,1.0,0.0,3.0,0.0,24.0,0.0,0.0,7.75
33,0.0,0.0,1.0,2.0,1.0,66.0,0.0,0.0,10.5
34,1.0,0.0,0.0,1.0,1.0,28.0,1.0,0.0,82.1708
35,0.0,0.0,1.0,1.0,1.0,42.0,1.0,0.0,52.0
36,1.0,0.0,0.0,3.0,1.0,24.0,0.0,0.0,7.2292
37,0.0,0.0,1.0,3.0,1.0,21.0,0.0,0.0,8.05
38,0.0,0.0,1.0,3.0,0.0,18.0,2.0,0.0,18.0
39,1.0,0.0,0.0,3.0,0.0,14.0,1.0,0.0,11.2417
40,0.0,0.0,1.0,3.0,0.0,40.0,1.0,0.0,9.475
41,0.0,0.0,1.0,2.0,0.0,27.0,1.0,0.0,21.0
42,1.0,0.0,0.0,3.0,1.0,24.0,0.0,0.0,7.8958
43,1.0,0.0,0.0,2.0,0.0,3.0,1.0,2.0,41.5792
44,0.0,1.0,0.0,3.0,0.0,19.0,0.0,0.0,7.8792
45,0.0,0.0,1.0,3.0,1.0,24.0,0.0,0.0,8.05
46,0.0,1.0,0.0,3.0,1.0,24.0,1.0,0.0,15.5
47,0.0,1.0,0.0,3.0,0.0,24.0,0.0,0.0,7.75
48,1.0,0.0,0.0,3.0,1.0,24.0,2.0,0.0,21.6792
49,0.0,0.0,1.0,3.0,0.0,18.0,1.0,0.0,17.8
50,0.0,0.0,1.0,3.0,1.0,7.0,4.0,1.0,39.6875
51,0.0,0.0,1.0,3.0,1.0,21.0,0.0,0.0,7.8
52,1.0,0.0,0.0,1.0,0.0,49.0,1.0,0.0,76.7292
53,0.0,0.0,1.0,2.0,0.0,29.0,1.0,0.0,26.0
54,1.0,0.0,0.0,1.0,1.0,65.0,0.0,1.0,61.9792
55,0.0,0.0,1.0,1.0,1.0,24.0,0.0,0.0,35.5
56,0.0,0.0,1.0,2.0,0.0,21.0,0.0,0.0,10.5
57,1.0,0.0,0.0,3.0,1.0,28.5,0.0,0.0,7.2292
58,0.0,0.0,1.0,2.0,0.0,5.0,1.0,2.0,27.75
59,0.0,0.0,1.0,3.0,1.0,11.0,5.0,2.0,46.9
60,1.0,0.0,0.0,3.0,1.0,22.0,0.0,0.0,7.2292
61,0.0,0.0,1.0,1.0,0.0,38.0,0.0,0.0,80.0
62,0.0,0.0,1.0,1.0,1.0,45.0,1.0,0.0,83.475
63,0.0,0.0,1.0,3.0,1.0,4.0,3.0,2.0,27.9
64,1.0,0.0,0.0,1.0,1.0,24.0,0.0,0.0,27.7208
65,1.0,0.0,0.0,3.0,1.0,24.0,1.0,1.0,15.2458
66,0.0,0.0,1.0,2.0,0.0,29.0,0.0,0.0,10.5
67,0.0,0.0,1.0,3.0,1.0,19.0,0.0,0.0,8.1583
68,0.0,0.0,1.0,3.0,0.0,17.0,4.0,2.0,7.925
69,0.0,0.0,1.0,3.0,1.0,26.0,2.0,0.0,8.6625
70,0.0,0.0,1.0,2.0,1.0,32.0,0.0,0.0,10.5
71,0.0,0.0,1.0,3.0,0.0,16.0,5.0,2.0,46.9
72,0.0,0.0,1.0,2.0,1.0,21.0,0.0,0.0,73.5
73,1.0,0.0,0.0,3.0,1.0,26.0,1.0,0.0,14.4542
74,0.0,0.0,1.0,3.0,1.0,32.0,0.0,0.0,56.4958
75,0.0,0.0,1.0,3.0,1.0,25.0,0.0,0.0,7.65
76,0.0,0.0,1.0,3.0,1.0,24.0,0.0,0.0,7.8958
77,0.0,0.0,1.0,3.0,1.0,24.0,0.0,0.0,8.05
78,0.0,0.0,1.0,2.0,1.0,0.83,0.0,2.0,29.0
79,0.0,0.0,1.0,3.0,0.0,30.0,0.0,0.0,12.475
80,0.0,0.0,1.0,3.0,1.0,22.0,0.0,0.0,9.0
81,0.0,0.0,1.0,3.0,1.0,29.0,0.0,0.0,9.5
82,0.0,1.0,0.0,3.0,0.0,24.0,0.0,0.0,7.7875
83,0.0,0.0,1.0,1.0,1.0,28.0,0.0,0.0,47.1
84,0.0,0.0,1.0,2.0,0.0,17.0,0.0,0.0,10.5
85,0.0,0.0,1.0,3.0,0.0,33.0,3.0,0.0,15.85
86,0.0,0.0,1.0,3.0,1.0,16.0,1.0,3.0,34.375
87,0.0,0.0,1.0,3.0,1.0,24.0,0.0,0.0,8.05
88,0.0,0.0,1.0,1.0,0.0,23.0,3.0,2.0,263.0
89,0.0,0.0,1.0,3.0,1.0,24.0,0.0,0.0,8.05
90,0.0,0.0,1.0,3.0,1.0,29.0,0.0,0.0,8.05
91,0.0,0.0,1.0,3.0,1.0,20.0,0.0,0.0,7.8542
92,0.0,0.0,1.0,1.0,1.0,46.0,1.0,0.0,61.175
93,0.0,0.0,1.0,3.0,1.0,26.0,1.0,2.0,20.575
94,0.0,0.0,1.0,3.0,1.0,59.0,0.0,0.0,7.25
95,0.0,0.0,1.0,3.0,1.0,24.0,0.0,0.0,8.05
96,1.0,0.0,0.0,1.0,1.0,71.0,0.0,0.0,34.6542
97,1.0,0.0,0.0,1.0,1.0,23.0,0.0,1.0,63.3583
98,0.0,0.0,1.0,2.0,0.0,34.0,0.0,1.0,23.0
99,0.0,0.0,1.0,2.0,1.0,34.0,1.0,0.0,26.0
100,0.0,0.0,1.0,3.0,0.0,28.0,0.0,0.0,7.8958
101,0.0,0.0,1.0,3.0,1.0,24.0,0.0,0.0,7.8958
102,0.0,0.0,1.0,1.0,1.0,21.0,0.0,1.0,77.2875
103,0.0,0.0,1.0,3.0,1.0,33.0,0.0,0.0,8.6542
104,0.0,0.0,1.0,3.0,1.0,37.0,2.0,0.0,7.925
105,0.0,0.0,1.0,3.0,1.0,28.0,0.0,0.0,7.8958
106,0.0,0.0,1.0,3.0,0.0,21.0,0.0,0.0,7.65
107,0.0,0.0,1.0,3.0,1.0,24.0,0.0,0.0,7.775
108,0.0,0.0,1.0,3.0,1.0,38.0,0.0,0.0,7.8958
109,0.0,1.0,0.0,3.0,0.0,24.0,1.0,0.0,24.15
110,0.0,0.0,1.0,1.0,1.0,47.0,0.0,0.0,52.0
111,1.0,0.0,0.0,3.0,0.0,14.5,1.0,0.0,14.4542
112,0.0,0.0,1.0,3.0,1.0,22.0,0.0,0.0,8.05
113,0.0,0.0,1.0,3.0,0.0,20.0,1.0,0.0,9.825
114,1.0,0.0,0.0,3.0,0.0,17.0,0.0,0.0,14.4583
115,0.0,0.0,1.0,3.0,1.0,21.0,0.0,0.0,7.925
116,0.0,1.0,0.0,3.0,1.0,70.5,0.0,0.0,7.75
117,0.0,0.0,1.0,2.0,1.0,29.0,1.0,0.0,21.0
118,1.0,0.0,0.0,1.0,1.0,24.0,0.0,1.0,247.5208
119,0.0,0.0,1.0,3.0,0.0,2.0,4.0,2.0,31.275
120,0.0,0.0,1.0,2.0,1.0,21.0,2.0,0.0,73.5
121,0.0,0.0,1.0,3.0,1.0,24.0,0.0,0.0,8.05
122,1.0,0.0,0.0,2.0,1.0,32.5,1.0,0.0,30.0708
123,0.0,0.0,1.0,2.0,0.0,32.5,0.0,0.0,13.0
124,0.0,0.0,1.0,1.0,1.0,54.0,0.0,1.0,77.2875
125,1.0,0.0,0.0,3.0,1.0,12.0,1.0,0.0,11.2417
126,0.0,1.0,0.0,3.0,1.0,24.0,0.0,0.0,7.75
127,0.0,0.0,1.0,3.0,1.0,24.0,0.0,0.0,7.1417
128,1.0,0.0,0.0,3.0,0.0,24.0,1.0,1.0,22.3583
129,0.0,0.0,1.0,3.0,1.0,45.0,0.0,0.0,6.975
130,1.0,0.0,0.0,3.0,1.0,33.0,0.0,0.0,7.8958
131,0.0,0.0,1.0,3.0,1.0,20.0,0.0,0.0,7.05
132,0.0,0.0,1.0,3.0,0.0,47.0,1.0,0.0,14.5
133,0.0,0.0,1.0,2.0,0.0,29.0,1.0,0.0,26.0
134,0.0,0.0,1.0,2.0,1.0,25.0,0.0,0.0,13.0
135,1.0,0.0,0.0,2.0,1.0,23.0,0.0,0.0,15.0458
136,0.0,0.0,1.0,1.0,0.0,19.0,0.0,2.0,26.2833
137,0.0,0.0,1.0,1.0,1.0,37.0,1.0,0.0,53.1
138,0.0,0.0,1.0,3.0,1.0,16.0,0.0,0.0,9.2167
139,1.0,0.0,0.0,1.0,1.0,24.0,0.0,0.0,79.2
140,1.0,0.0,0.0,3.0,0.0,24.0,0.0,2.0,15.2458
141,0.0,0.0,1.0,3.0,0.0,22.0,0.0,0.0,7.75
142,0.0,0.0,1.0,3.0,0.0,24.0,1.0,0.0,15.85
143,0.0,1.0,0.0,3.0,1.0,19.0,0.0,0.0,6.75
144,0.0,0.0,1.0,2.0,1.0,18.0,0.0,0.0,11.5
145,0.0,0.0,1.0,2.0,1.0,19.0,1.0,1.0,36.75
146,0.0,0.0,1.0,3.0,1.0,27.0,0.0,0.0,7.7958
147,0.0,0.0,1.0,3.0,0.0,9.0,2.0,2.0,34.375
148,0.0,0.0,1.0,2.0,1.0,36.5,0.0,2.0,26.0
149,0.0,0.0,1.0,2.0,1.0,42.0,0.0,0.0,13.0
150,0.0,0.0,1.0,2.0,1.0,51.0,0.0,0.0,12.525
151,0.0,0.0,1.0,1.0,0.0,22.0,1.0,0.0,66.6
152,0.0,0.0,1.0,3.0,1.0,55.5,0.0,0.0,8.05
153,0.0,0.0,1.0,3.0,1.0,40.5,0.0,2.0,14.5
154,0.0,0.0,1.0,3.0,1.0,24.0,0.0,0.0,7.3125
155,1.0,0.0,0.0,1.0,1.0,51.0,0.0,1.0,61.3792
156,0.0,1.0,0.0,3.0,0.0,16.0,0.0,0.0,7.7333
157,0.0,0.0,1.0,3.0,1.0,30.0,0.0,0.0,8.05
158,0.0,0.0,1.0,3.0,1.0,24.0,0.0,0.0,8.6625
159,0.0,0.0,1.0,3.0,1.0,24.0,8.0,2.0,69.55
160,0.0,0.0,1.0,3.0,1.0,44.0,0.0,1.0,16.1
161,0.0,0.0,1.0,2.0,0.0,40.0,0.0,0.0,15.75
162,0.0,0.0,1.0,3.0,1.0,26.0,0.0,0.0,7.775
163,0.0,0.0,1.0,3.0,1.0,17.0,0.0,0.0,8.6625
164,0.0,0.0,1.0,3.0,1.0,1.0,4.0,1.0,39.6875
165,0.0,0.0,1.0,3.0,1.0,9.0,0.0,2.0,20.525
166,0.0,0.0,1.0,1.0,0.0,24.0,0.0,1.0,55.0
167,0.0,0.0,1.0,3.0,0.0,45.0,1.0,4.0,27.9
168,0.0,0.0,1.0,1.0,1.0,24.0,0.0,0.0,25.925
169,0.0,0.0,1.0,3.0,1.0,28.0,0.0,0.0,56.4958
170,0.0,0.0,1.0,1.0,1.0,61.0,0.0,0.0,33.5
171,0.0,1.0,0.0,3.0,1.0,4.0,4.0,1.0,29.125
172,0.0,0.0,1.0,3.0,0.0,1.0,1.0,1.0,11.1333
173,0.0,0.0,1.0,3.0,1.0,21.0,0.0,0.0,7.925
174,1.0,0.0,0.0,1.0,1.0,56.0,0.0,0.0,30.6958
175,0.0,0.0,1.0,3.0,1.0,18.0,1.0,1.0,7.8542
176,0.0,0.0,1.0,3.0,1.0,24.0,3.0,1.0,25.4667
177,1.0,0.0,0.0,1.0,0.0,50.0,0.0,0.0,28.7125
178,0.0,0.0,1.0,2.0,1.0,30.0,0.0,0.0,13.0
179,0.0,0.0,1.0,3.0,1.0,36.0,0.0,0.0,0.0
180,0.0,0.0,1.0,3.0,0.0,24.0,8.0,2.0,69.55
181,1.0,0.0,0.0,2.0,1.0,24.0,0.0,0.0,15.05
182,0.0,0.0,1.0,3.0,1.0,9.0,4.0,2.0,31.3875
183,0.0,0.0,1.0,2.0,1.0,1.0,2.0,1.0,39.0
184,0.0,0.0,1.0,3.0,0.0,4.0,0.0,2.0,22.025
185,0.0,0.0,1.0,1.0,1.0,24.0,0.0,0.0,50.0
186,0.0,1.0,0.0,3.0,0.0,24.0,1.0,0.0,15.5
187,0.0,0.0,1.0,1.0,1.0,45.0,0.0,0.0,26.55
188,0.0,1.0,0.0,3.0,1.0,40.0,1.0,1.0,15.5
189,0.0,0.0,1.0,3.0,1.0,36.0,0.0,0.0,7.8958
190,0.0,0.0,1.0,2.0,0.0,32.0,0.0,0.0,13.0
191,0.0,0.0,1.0,2.0,1.0,19.0,0.0,0.0,13.0
192,0.0,0.0,1.0,3.0,0.0,19.0,1.0,0.0,7.8542
193,0.0,0.0,1.0,2.0,1.0,3.0,1.0,1.0,26.0
194,1.0,0.0,0.0,1.0,0.0,44.0,0.0,0.0,27.7208
195,1.0,0.0,0.0,1.0,0.0,58.0,0.0,0.0,146.5208
196,0.0,1.0,0.0,3.0,1.0,24.0,0.0,0.0,7.75
197,0.0,0.0,1.0,3.0,1.0,42.0,0.0,1.0,8.4042
198,0.0,1.0,0.0,3.0,0.0,24.0,0.0,0.0,7.75
199,0.0,0.0,1.0,2.0,0.0,24.0,0.0,0.0,13.0
200,0.0,0.0,1.0,3.0,1.0,28.0,0.0,0.0,9.5
201,0.0,0.0,1.0,3.0,1.0,24.0,8.0,2.0,69.55
202,0.0,0.0,1.0,3.0,1.0,34.0,0.0,0.0,6.4958
203,1.0,0.0,0.0,3.0,1.0,45.5,0.0,0.0,7.225
204,0.0,0.0,1.0,3.0,1.0,18.0,0.0,0.0,8.05
205,0.0,0.0,1.0,3.0,0.0,2.0,0.0,1.0,10.4625
206,0.0,0.0,1.0,3.0,1.0,32.0,1.0,0.0,15.85
207,1.0,0.0,0.0,3.0,1.0,26.0,0.0,0.0,18.7875
208,0.0,1.0,0.0,3.0,0.0,16.0,0.0,0.0,7.75
209,1.0,0.0,0.0,1.0,1.0,40.0,0.0,0.0,31.0
210,0.0,0.0,1.0,3.0,1.0,24.0,0.0,0.0,7.05
211,0.0,0.0,1.0,2.0,0.0,35.0,0.0,0.0,21.0
212,0.0,0.0,1.0,3.0,1.0,22.0,0.0,0.0,7.25
213,0.0,0.0,1.0,2.0,1.0,30.0,0.0,0.0,13.0
214,0.0,1.0,0.0,3.0,1.0,24.0,1.0,0.0,7.75
215,1.0,0.0,0.0,1.0,0.0,31.0,1.0,0.0,113.275
216,0.0,0.0,1.0,3.0,0.0,27.0,0.0,0.0,7.925
217,0.0,0.0,1.0,2.0,1.0,42.0,1.0,0.0,27.0
218,1.0,0.0,0.0,1.0,0.0,32.0,0.0,0.0,76.2917
219,0.0,0.0,1.0,2.0,1.0,30.0,0.0,0.0,10.5
220,0.0,0.0,1.0,3.0,1.0,16.0,0.0,0.0,8.05
221,0.0,0.0,1.0,2.0,1.0,27.0,0.0,0.0,13.0
222,0.0,0.0,1.0,3.0,1.0,51.0,0.0,0.0,8.05
223,0.0,0.0,1.0,3.0,1.0,24.0,0.0,0.0,7.8958
224,0.0,0.0,1.0,1.0,1.0,38.0,1.0,0.0,90.0
225,0.0,0.0,1.0,3.0,1.0,22.0,0.0,0.0,9.35
226,0.0,0.0,1.0,2.0,1.0,19.0,0.0,0.0,10.5
227,0.0,0.0,1.0,3.0,1.0,20.5,0.0,0.0,7.25
228,0.0,0.0,1.0,2.0,1.0,18.0,0.0,0.0,13.0
229,0.0,0.0,1.0,3.0,0.0,24.0,3.0,1.0,25.4667
230,0.0,0.0,1.0,1.0,0.0,35.0,1.0,0.0,83.475
231,0.0,0.0,1.0,3.0,1.0,29.0,0.0,0.0,7.775
232,0.0,0.0,1.0,2.0,1.0,59.0,0.0,0.0,13.5
233,0.0,0.0,1.0,3.0,0.0,5.0,4.0,2.0,31.3875
234,0.0,0.0,1.0,2.0,1.0,24.0,0.0,0.0,10.5
235,0.0,0.0,1.0,3.0,0.0,24.0,0.0,0.0,7.55
236,0.0,0.0,1.0,2.0,1.0,44.0,1.0,0.0,26.0
237,0.0,0.0,1.0,2.0,0.0,8.0,0.0,2.0,26.25
238,0.0,0.0,1.0,2.0,1.0,19.0,0.0,0.0,10.5
239,0.0,0.0,1.0,2.0,1.0,33.0,0.0,0.0,12.275
240,1.0,0.0,0.0,3.0,0.0,24.0,1.0,0.0,14.4542
241,0.0,1.0,0.0,3.0,0.0,24.0,1.0,0.0,15.5
242,0.0,0.0,1.0,2.0,1.0,29.0,0.0,0.0,10.5
243,0.0,0.0,1.0,3.0,1.0,22.0,0.0,0.0,7.125
244,1.0,0.0,0.0,3.0,1.0,30.0,0.0,0.0,7.225
245,0.0,1.0,0.0,1.0,1.0,44.0,2.0,0.0,90.0
246,0.0,0.0,1.0,3.0,0.0,25.0,0.0,0.0,7.775
247,0.0,0.0,1.0,2.0,0.0,24.0,0.0,2.0,14.5
248,0.0,0.0,1.0,1.0,1.0,37.0,1.0,1.0,52.5542
249,0.0,0.0,1.0,2.0,1.0,54.0,1.0,0.0,26.0
250,0.0,0.0,1.0,3.0,1.0,24.0,0.0,0.0,7.25
251,0.0,0.0,1.0,3.0,0.0,29.0,1.0,1.0,10.4625
252,0.0,0.0,1.0,1.0,1.0,62.0,0.0,0.0,26.55
253,0.0,0.0,1.0,3.0,1.0,30.0,1.0,0.0,16.1
254,0.0,0.0,1.0,3.0,0.0,41.0,0.0,2.0,20.2125
255,1.0,0.0,0.0,3.0,0.0,29.0,0.0,2.0,15.2458
256,1.0,0.0,0.0,1.0,0.0,24.0,0.0,0.0,79.2
257,0.0,0.0,1.0,1.0,0.0,30.0,0.0,0.0,86.5
258,1.0,0.0,0.0,1.0,0.0,35.0,0.0,0.0,512.3292
259,0.0,0.0,1.0,2.0,0.0,50.0,0.0,1.0,26.0
260,0.0,1.0,0.0,3.0,1.0,24.0,0.0,0.0,7.75
261,0.0,0.0,1.0,3.0,1.0,3.0,4.0,2.0,31.3875
262,0.0,0.0,1.0,1.0,1.0,52.0,1.0,1.0,79.65
263,0.0,0.0,1.0,1.0,1.0,40.0,0.0,0.0,0.0
264,0.0,1.0,0.0,3.0,0.0,24.0,0.0,0.0,7.75
265,0.0,0.0,1.0,2.0,1.0,36.0,0.0,0.0,10.5
266,0.0,0.0,1.0,3.0,1.0,16.0,4.0,1.0,39.6875
267,0.0,0.0,1.0,3.0,1.0,25.0,1.0,0.0,7.775
268,0.0,0.0,1.0,1.0,0.0,58.0,0.0,1.0,153.4625
269,0.0,0.0,1.0,1.0,0.0,35.0,0.0,0.0,135.6333
270,0.0,0.0,1.0,1.0,1.0,24.0,0.0,0.0,31.0
271,0.0,0.0,1.0,3.0,1.0,25.0,0.0,0.0,0.0
272,0.0,0.0,1.0,2.0,0.0,41.0,0.0,1.0,19.5
273,1.0,0.0,0.0,1.0,1.0,37.0,0.0,1.0,29.7
274,0.0,1.0,0.0,3.0,0.0,24.0,0.0,0.0,7.75
275,0.0,0.0,1.0,1.0,0.0,63.0,1.0,0.0,77.9583
276,0.0,0.0,1.0,3.0,0.0,45.0,0.0,0.0,7.75
277,0.0,0.0,1.0,2.0,1.0,24.0,0.0,0.0,0.0
278,0.0,1.0,0.0,3.0,1.0,7.0,4.0,1.0,29.125
279,0.0,0.0,1.0,3.0,0.0,35.0,1.0,1.0,20.25
280,0.0,1.0,0.0,3.0,1.0,65.0,0.0,0.0,7.75
281,0.0,0.0,1.0,3.0,1.0,28.0,0.0,0.0,7.8542
282,0.0,0.0,1.0,3.0,1.0,16.0,0.0,0.0,9.5
283,0.0,0.0,1.0,3.0,1.0,19.0,0.0,0.0,8.05
284,0.0,0.0,1.0,1.0,1.0,24.0,0.0,0.0,26.0
285,1.0,0.0,0.0,3.0,1.0,33.0,0.0,0.0,8.6625
286,0.0,0.0,1.0,3.0,1.0,30.0,0.0,0.0,9.5
287,0.0,0.0,1.0,3.0,1.0,22.0,0.0,0.0,7.8958
288,0.0,0.0,1.0,2.0,1.0,42.0,0.0,0.0,13.0
289,0.0,1.0,0.0,3.0,0.0,22.0,0.0,0.0,7.75
290,0.0,0.0,1.0,1.0,0.0,26.0,0.0,0.0,78.85
291,1.0,0.0,0.0,1.0,0.0,19.0,1.0,0.0,91.0792
292,1.0,0.0,0.0,2.0,1.0,36.0,0.0,0.0,12.875
293,0.0,0.0,1.0,3.0,0.0,24.0,0.0,0.0,8.85
294,0.0,0.0,1.0,3.0,1.0,24.0,0.0,0.0,7.8958
295,1.0,0.0,0.0,1.0,1.0,24.0,0.0,0.0,27.7208
296,1.0,0.0,0.0,3.0,1.0,23.5,0.0,0.0,7.2292
297,0.0,0.0,1.0,1.0,0.0,2.0,1.0,2.0,151.55
298,0.0,0.0,1.0,1.0,1.0,24.0,0.0,0.0,30.5
299,1.0,0.0,0.0,1.0,0.0,50.0,0.0,1.0,247.5208
300,0.0,1.0,0.0,3.0,0.0,24.0,0.0,0.0,7.75
301,0.0,1.0,0.0,3.0,1.0,24.0,2.0,0.0,23.25
302,0.0,0.0,1.0,3.0,1.0,19.0,0.0,0.0,0.0
303,0.0,1.0,0.0,2.0,0.0,24.0,0.0,0.0,12.35
304,0.0,0.0,1.0,3.0,1.0,24.0,0.0,0.0,8.05
305,0.0,0.0,1.0,1.0,1.0,0.92,1.0,2.0,151.55
306,1.0,0.0,0.0,1.0,0.0,24.0,0.0,0.0,110.8833
307,1.0,0.0,0.0,1.0,0.0,17.0,1.0,0.0,108.9
308,1.0,0.0,0.0,2.0,1.0,30.0,1.0,0.0,24.0
309,1.0,0.0,0.0,1.0,0.0,30.0,0.0,0.0,56.9292
310,1.0,0.0,0.0,1.0,0.0,24.0,0.0,0.0,83.1583
311,1.0,0.0,0.0,1.0,0.0,18.0,2.0,2.0,262.375
312,0.0,0.0,1.0,2.0,0.0,26.0,1.0,1.0,26.0
313,0.0,0.0,1.0,3.0,1.0,28.0,0.0,0.0,7.8958
314,0.0,0.0,1.0,2.0,1.0,43.0,1.0,1.0,26.25
315,0.0,0.0,1.0,3.0,0.0,26.0,0.0,0.0,7.8542
316,0.0,0.0,1.0,2.0,0.0,24.0,1.0,0.0,26.0
317,0.0,0.0,1.0,2.0,1.0,54.0,0.0,0.0,14.0
318,0.0,0.0,1.0,1.0,0.0,31.0,0.0,2.0,164.8667
319,1.0,0.0,0.0,1.0,0.0,40.0,1.0,1.0,134.5
320,0.0,0.0,1.0,3.0,1.0,22.0,0.0,0.0,7.25
321,0.0,0.0,1.0,3.0,1.0,27.0,0.0,0.0,7.8958
322,0.0,1.0,0.0,2.0,0.0,30.0,0.0,0.0,12.35
323,0.0,0.0,1.0,2.0,0.0,22.0,1.0,1.0,29.0
324,0.0,0.0,1.0,3.0,1.0,24.0,8.0,2.0,69.55
325,1.0,0.0,0.0,1.0,0.0,36.0,0.0,0.0,135.6333
326,0.0,0.0,1.0,3.0,1.0,61.0,0.0,0.0,6.2375
327,0.0,0.0,1.0,2.0,0.0,36.0,0.0,0.0,13.0
328,0.0,0.0,1.0,3.0,0.0,31.0,1.0,1.0,20.525
329,1.0,0.0,0.0,1.0,0.0,16.0,0.0,1.0,57.9792
330,0.0,1.0,0.0,3.0,0.0,24.0,2.0,0.0,23.25
331,0.0,0.0,1.0,1.0,1.0,45.5,0.0,0.0,28.5
332,0.0,0.0,1.0,1.0,1.0,38.0,0.0,1.0,153.4625
333,0.0,0.0,1.0,3.0,1.0,16.0,2.0,0.0,18.0
334,0.0,0.0,1.0,1.0,0.0,24.0,1.0,0.0,133.65
335,0.0,0.0,1.0,3.0,1.0,24.0,0.0,0.0,7.8958
336,0.0,0.0,1.0,1.0,1.0,29.0,1.0,0.0,66.6
337,1.0,0.0,0.0,1.0,0.0,41.0,0.0,0.0,134.5
338,0.0,0.0,1.0,3.0,1.0,45.0,0.0,0.0,8.05
339,0.0,0.0,1.0,1.0,1.0,45.0,0.0,0.0,35.5
340,0.0,0.0,1.0,2.0,1.0,2.0,1.0,1.0,26.0
341,0.0,0.0,1.0,1.0,0.0,24.0,3.0,2.0,263.0
342,0.0,0.0,1.0,2.0,1.0,28.0,0.0,0.0,13.0
343,0.0,0.0,1.0,2.0,1.0,25.0,0.0,0.0,13.0
344,0.0,0.0,1.0,2.0,1.0,36.0,0.0,0.0,13.0
345,0.0,0.0,1.0,2.0,0.0,24.0,0.0,0.0,13.0
346,0.0,0.0,1.0,2.0,0.0,40.0,0.0,0.0,13.0
347,0.0,0.0,1.0,3.0,0.0,24.0,1.0,0.0,16.1
348,0.0,0.0,1.0,3.0,1.0,3.0,1.0,1.0,15.9
349,0.0,0.0,1.0,3.0,1.0,42.0,0.0,0.0,8.6625
350,0.0,0.0,1.0,3.0,1.0,23.0,0.0,0.0,9.225
351,0.0,0.0,1.0,1.0,1.0,24.0,0.0,0.0,35.0
352,1.0,0.0,0.0,3.0,1.0,15.0,1.0,1.0,7.2292
353,0.0,0.0,1.0,3.0,1.0,25.0,1.0,0.0,17.8
354,1.0,0.0,0.0,3.0,1.0,24.0,0.0,0.0,7.225
355,0.0,0.0,1.0,3.0,1.0,28.0,0.0,0.0,9.5
356,0.0,0.0,1.0,1.0,0.0,22.0,0.0,1.0,55.0
357,0.0,0.0,1.0,2.0,0.0,38.0,0.0,0.0,13.0
358,0.0,1.0,0.0,3.0,0.0,24.0,0.0,0.0,7.8792
359,0.0,1.0,0.0,3.0,0.0,24.0,0.0,0.0,7.8792
360,0.0,0.0,1.0,3.0,1.0,40.0,1.0,4.0,27.9
361,1.0,0.0,0.0,2.0,1.0,29.0,1.0,0.0,27.7208
362,1.0,0.0,0.0,3.0,0.0,45.0,0.0,1.0,14.4542
363,0.0,0.0,1.0,3.0,1.0,35.0,0.0,0.0,7.05
364,0.0,1.0,0.0,3.0,1.0,24.0,1.0,0.0,15.5
365,0.0,0.0,1.0,3.0,1.0,30.0,0.0,0.0,7.25
366,1.0,0.0,0.0,1.0,0.0,60.0,1.0,0.0,75.25
367,1.0,0.0,0.0,3.0,0.0,24.0,0.0,0.0,7.2292
368,0.0,1.0,0.0,3.0,0.0,24.0,0.0,0.0,7.75
369,1.0,0.0,0.0,1.0,0.0,24.0,0.0,0.0,69.3
370,1.0,0.0,0.0,1.0,1.0,25.0,1.0,0.0,55.4417
371,0.0,0.0,1.0,3.0,1.0,18.0,1.0,0.0,6.4958
372,0.0,0.0,1.0,3.0,1.0,19.0,0.0,0.0,8.05
373,1.0,0.0,0.0,1.0,1.0,22.0,0.0,0.0,135.6333
374,0.0,0.0,1.0,3.0,0.0,3.0,3.0,1.0,21.075
375,1.0,0.0,0.0,1.0,0.0,24.0,1.0,0.0,82.1708
376,0.0,0.0,1.0,3.0,0.0,22.0,0.0,0.0,7.25
377,1.0,0.0,0.0,1.0,1.0,27.0,0.0,2.0,211.5
378,1.0,0.0,0.0,3.0,1.0,20.0,0.0,0.0,4.0125
379,0.0,0.0,1.0,3.0,1.0,19.0,0.0,0.0,7.775
380,1.0,0.0,0.0,1.0,0.0,42.0,0.0,0.0,227.525
381,1.0,0.0,0.0,3.0,0.0,1.0,0.0,2.0,15.7417
382,0.0,0.0,1.0,3.0,1.0,32.0,0.0,0.0,7.925
383,0.0,0.0,1.0,1.0,0.0,35.0,1.0,0.0,52.0
384,0.0,0.0,1.0,3.0,1.0,24.0,0.0,0.0,7.8958
385,0.0,0.0,1.0,2.0,1.0,18.0,0.0,0.0,73.5
386,0.0,0.0,1.0,3.0,1.0,1.0,5.0,2.0,46.9
387,0.0,0.0,1.0,2.0,0.0,36.0,0.0,0.0,13.0
388,0.0,1.0,0.0,3.0,1.0,24.0,0.0,0.0,7.7292
389,1.0,0.0,0.0,2.0,0.0,17.0,0.0,0.0,12.0
390,0.0,0.0,1.0,1.0,1.0,36.0,1.0,2.0,120.0
391,0.0,0.0,1.0,3.0,1.0,21.0,0.0,0.0,7.7958
392,0.0,0.0,1.0,3.0,1.0,28.0,2.0,0.0,7.925
393,1.0,0.0,0.0,1.0,0.0,23.0,1.0,0.0,113.275
394,0.0,0.0,1.0,3.0,0.0,24.0,0.0,2.0,16.7
395,0.0,0.0,1.0,3.0,1.0,22.0,0.0,0.0,7.7958
396,0.0,0.0,1.0,3.0,0.0,31.0,0.0,0.0,7.8542
397,0.0,0.0,1.0,2.0,1.0,46.0,0.0,0.0,26.0
398,0.0,0.0,1.0,2.0,1.0,23.0,0.0,0.0,10.5
399,0.0,0.0,1.0,2.0,0.0,28.0,0.0,0.0,12.65
400,0.0,0.0,1.0,3.0,1.0,39.0,0.0,0.0,7.925
401,0.0,0.0,1.0,3.0,1.0,26.0,0.0,0.0,8.05
402,0.0,0.0,1.0,3.0,0.0,21.0,1.0,0.0,9.825
403,0.0,0.0,1.0,3.0,1.0,28.0,1.0,0.0,15.85
404,0.0,0.0,1.0,3.0,0.0,20.0,0.0,0.0,8.6625
405,0.0,0.0,1.0,2.0,1.0,34.0,1.0,0.0,21.0
406,0.0,0.0,1.0,3.0,1.0,51.0,0.0,0.0,7.75
407,0.0,0.0,1.0,2.0,1.0,3.0,1.0,1.0,18.75
408,0.0,0.0,1.0,3.0,1.0,21.0,0.0,0.0,7.775
409,0.0,0.0,1.0,3.0,0.0,24.0,3.0,1.0,25.4667
410,0.0,0.0,1.0,3.0,1.0,24.0,0.0,0.0,7.8958
411,0.0,1.0,0.0,3.0,1.0,24.0,0.0,0.0,6.8583
412,0.0,1.0,0.0,1.0,0.0,33.0,1.0,0.0,90.0
413,0.0,0.0,1.0,2.0,1.0,24.0,0.0,0.0,0.0
414,0.0,0.0,1.0,3.0,1.0,44.0,0.0,0.0,7.925
415,0.0,0.0,1.0,3.0,0.0,24.0,0.0,0.0,8.05
416,0.0,0.0,1.0,2.0,0.0,34.0,1.0,1.0,32.5
417,0.0,0.0,1.0,2.0,0.0,18.0,0.0,2.0,13.0
418,0.0,0.0,1.0,2.0,1.0,30.0,0.0,0.0,13.0
419,0.0,0.0,1.0,3.0,0.0,10.0,0.0,2.0,24.15
420,1.0,0.0,0.0,3.0,1.0,24.0,0.0,0.0,7.8958
421,0.0,1.0,0.0,3.0,1.0,21.0,0.0,0.0,7.7333
422,0.0,0.0,1.0,3.0,1.0,29.0,0.0,0.0,7.875
423,0.0,0.0,1.0,3.0,0.0,28.0,1.0,1.0,14.4
424,0.0,0.0,1.0,3.0,1.0,18.0,1.0,1.0,20.2125
425,0.0,0.0,1.0,3.0,1.0,24.0,0.0,0.0,7.25
426,0.0,0.0,1.0,2.0,0.0,28.0,1.0,0.0,26.0
427,0.0,0.0,1.0,2.0,0.0,19.0,0.0,0.0,26.0
428,0.0,1.0,0.0,3.0,1.0,24.0,0.0,0.0,7.75
429,0.0,0.0,1.0,3.0,1.0,32.0,0.0,0.0,8.05
430,0.0,0.0,1.0,1.0,1.0,28.0,0.0,0.0,26.55
431,0.0,0.0,1.0,3.0,0.0,24.0,1.0,0.0,16.1
432,0.0,0.0,1.0,2.0,0.0,42.0,1.0,0.0,26.0
433,0.0,0.0,1.0,3.0,1.0,17.0,0.0,0.0,7.125
434,0.0,0.0,1.0,1.0,1.0,50.0,1.0,0.0,55.9
435,0.0,0.0,1.0,1.0,0.0,14.0,1.0,2.0,120.0
436,0.0,0.0,1.0,3.0,0.0,21.0,2.0,2.0,34.375
437,0.0,0.0,1.0,2.0,0.0,24.0,2.0,3.0,18.75
438,0.0,0.0,1.0,1.0,1.0,64.0,1.0,4.0,263.0
439,0.0,0.0,1.0,2.0,1.0,31.0,0.0,0.0,10.5
440,0.0,0.0,1.0,2.0,0.0,45.0,1.0,1.0,26.25
441,0.0,0.0,1.0,3.0,1.0,20.0,0.0,0.0,9.5
442,0.0,0.0,1.0,3.0,1.0,25.0,1.0,0.0,7.775
443,0.0,0.0,1.0,2.0,0.0,28.0,0.0,0.0,13.0
444,0.0,0.0,1.0,3.0,1.0,24.0,0.0,0.0,8.1125
445,0.0,0.0,1.0,1.0,1.0,4.0,0.0,2.0,81.8583
446,0.0,0.0,1.0,2.0,0.0,13.0,0.0,1.0,19.5
447,0.0,0.0,1.0,1.0,1.0,34.0,0.0,0.0,26.55
448,1.0,0.0,0.0,3.0,0.0,5.0,2.0,1.0,19.2583
449,0.0,0.0,1.0,1.0,1.0,52.0,0.0,0.0,30.5
450,0.0,0.0,1.0,2.0,1.0,36.0,1.0,2.0,27.75
451,0.0,0.0,1.0,3.0,1.0,24.0,1.0,0.0,19.9667
452,1.0,0.0,0.0,1.0,1.0,30.0,0.0,0.0,27.75
453,1.0,0.0,0.0,1.0,1.0,49.0,1.0,0.0,89.1042
454,0.0,0.0,1.0,3.0,1.0,24.0,0.0,0.0,8.05
455,1.0,0.0,0.0,3.0,1.0,29.0,0.0,0.0,7.8958
456,0.0,0.0,1.0,1.0,1.0,65.0,0.0,0.0,26.55
457,0.0,0.0,1.0,1.0,0.0,24.0,1.0,0.0,51.8625
458,0.0,0.0,1.0,2.0,0.0,50.0,0.0,0.0,10.5
459,0.0,1.0,0.0,3.0,1.0,24.0,0.0,0.0,7.75
460,0.0,0.0,1.0,1.0,1.0,48.0,0.0,0.0,26.55
461,0.0,0.0,1.0,3.0,1.0,34.0,0.0,0.0,8.05
462,0.0,0.0,1.0,1.0,1.0,47.0,0.0,0.0,38.5
463,0.0,0.0,1.0,2.0,1.0,48.0,0.0,0.0,13.0
464,0.0,0.0,1.0,3.0,1.0,24.0,0.0,0.0,8.05
465,0.0,0.0,1.0,3.0,1.0,38.0,0.0,0.0,7.05
466,0.0,0.0,1.0,2.0,1.0,24.0,0.0,0.0,0.0
467,0.0,0.0,1.0,1.0,1.0,56.0,0.0,0.0,26.55
468,0.0,1.0,0.0,3.0,1.0,24.0,0.0,0.0,7.725
469,1.0,0.0,0.0,3.0,0.0,0.75,2.0,1.0,19.2583
470,0.0,0.0,1.0,3.0,1.0,24.0,0.0,0.0,7.25
471,0.0,0.0,1.0,3.0,1.0,38.0,0.0,0.0,8.6625
472,0.0,0.0,1.0,2.0,0.0,33.0,1.0,2.0,27.75
473,1.0,0.0,0.0,2.0,0.0,23.0,0.0,0.0,13.7917
474,0.0,0.0,1.0,3.0,0.0,22.0,0.0,0.0,9.8375
475,0.0,0.0,1.0,1.0,1.0,24.0,0.0,0.0,52.0
476,0.0,0.0,1.0,2.0,1.0,34.0,1.0,0.0,21.0
477,0.0,0.0,1.0,3.0,1.0,29.0,1.0,0.0,7.0458
478,0.0,0.0,1.0,3.0,1.0,22.0,0.0,0.0,7.5208
479,0.0,0.0,1.0,3.0,0.0,2.0,0.0,1.0,12.2875
480,0.0,0.0,1.0,3.0,1.0,9.0,5.0,2.0,46.9
481,0.0,0.0,1.0,2.0,1.0,24.0,0.0,0.0,0.0
482,0.0,0.0,1.0,3.0,1.0,50.0,0.0,0.0,8.05
483,0.0,0.0,1.0,3.0,0.0,63.0,0.0,0.0,9.5875
484,1.0,0.0,0.0,1.0,1.0,25.0,1.0,0.0,91.0792
485,0.0,0.0,1.0,3.0,0.0,24.0,3.0,1.0,25.4667
486,0.0,0.0,1.0,1.0,0.0,35.0,1.0,0.0,90.0
487,1.0,0.0,0.0,1.0,1.0,58.0,0.0,0.0,29.7
488,0.0,0.0,1.0,3.0,1.0,30.0,0.0,0.0,8.05
489,0.0,0.0,1.0,3.0,1.0,9.0,1.0,1.0,15.9
490,0.0,0.0,1.0,3.0,1.0,24.0,1.0,0.0,19.9667
491,0.0,0.0,1.0,3.0,1.0,21.0,0.0,0.0,7.25
492,0.0,0.0,1.0,1.0,1.0,55.0,0.0,0.0,30.5
493,1.0,0.0,0.0,1.0,1.0,71.0,0.0,0.0,49.5042
494,0.0,0.0,1.0,3.0,1.0,21.0,0.0,0.0,8.05
495,1.0,0.0,0.0,3.0,1.0,24.0,0.0,0.0,14.4583
496,1.0,0.0,0.0,1.0,0.0,54.0,1.0,0.0,78.2667
497,0.0,0.0,1.0,3.0,1.0,24.0,0.0,0.0,15.1
498,0.0,0.0,1.0,1.0,0.0,25.0,1.0,2.0,151.55
499,0.0,0.0,1.0,3.0,1.0,24.0,0.0,0.0,7.7958
500,0.0,0.0,1.0,3.0,1.0,17.0,0.0,0.0,8.6625
501,0.0,1.0,0.0,3.0,0.0,21.0,0.0,0.0,7.75
502,0.0,1.0,0.0,3.0,0.0,24.0,0.0,0.0,7.6292
503,0.0,0.0,1.0,3.0,0.0,37.0,0.0,0.0,9.5875
504,0.0,0.0,1.0,1.0,0.0,16.0,0.0,0.0,86.5
505,1.0,0.0,0.0,1.0,1.0,18.0,1.0,0.0,108.9
506,0.0,0.0,1.0,2.0,0.0,33.0,0.0,2.0,26.0
507,0.0,0.0,1.0,1.0,1.0,24.0,0.0,0.0,26.55
508,0.0,0.0,1.0,3.0,1.0,28.0,0.0,0.0,22.525
509,0.0,0.0,1.0,3.0,1.0,26.0,0.0,0.0,56.4958
510,0.0,1.0,0.0,3.0,1.0,29.0,0.0,0.0,7.75
511,0.0,0.0,1.0,3.0,1.0,24.0,0.0,0.0,8.05
512,0.0,0.0,1.0,1.0,1.0,36.0,0.0,0.0,26.2875
513,1.0,0.0,0.0,1.0,0.0,54.0,1.0,0.0,59.4
514,0.0,0.0,1.0,3.0,1.0,24.0,0.0,0.0,7.4958
515,0.0,0.0,1.0,1.0,1.0,47.0,0.0,0.0,34.0208
516,0.0,0.0,1.0,2.0,0.0,34.0,0.0,0.0,10.5
517,0.0,1.0,0.0,3.0,1.0,24.0,0.0,0.0,24.15
518,0.0,0.0,1.0,2.0,0.0,36.0,1.0,0.0,26.0
519,0.0,0.0,1.0,3.0,1.0,32.0,0.0,0.0,7.8958
520,0.0,0.0,1.0,1.0,0.0,30.0,0.0,0.0,93.5
521,0.0,0.0,1.0,3.0,1.0,22.0,0.0,0.0,7.8958
522,1.0,0.0,0.0,3.0,1.0,24.0,0.0,0.0,7.225
523,1.0,0.0,0.0,1.0,0.0,44.0,0.0,1.0,57.9792
524,1.0,0.0,0.0,3.0,1.0,24.0,0.0,0.0,7.2292
525,0.0,1.0,0.0,3.0,1.0,40.5,0.0,0.0,7.75
526,0.0,0.0,1.0,2.0,0.0,50.0,0.0,0.0,10.5
527,0.0,0.0,1.0,1.0,1.0,24.0,0.0,0.0,221.7792
528,0.0,0.0,1.0,3.0,1.0,39.0,0.0,0.0,7.925
529,0.0,0.0,1.0,2.0,1.0,23.0,2.0,1.0,11.5
530,0.0,0.0,1.0,2.0,0.0,2.0,1.0,1.0,26.0
531,1.0,0.0,0.0,3.0,1.0,24.0,0.0,0.0,7.2292
532,1.0,0.0,0.0,3.0,1.0,17.0,1.0,1.0,7.2292
533,1.0,0.0,0.0,3.0,0.0,24.0,0.0,2.0,22.3583
534,0.0,0.0,1.0,3.0,0.0,30.0,0.0,0.0,8.6625
535,0.0,0.0,1.0,2.0,0.0,7.0,0.0,2.0,26.25
536,0.0,0.0,1.0,1.0,1.0,45.0,0.0,0.0,26.55
537,1.0,0.0,0.0,1.0,0.0,30.0,0.0,0.0,106.425
538,0.0,0.0,1.0,3.0,1.0,24.0,0.0,0.0,14.5
539,1.0,0.0,0.0,1.0,0.0,22.0,0.0,2.0,49.5
540,0.0,0.0,1.0,1.0,0.0,36.0,0.0,2.0,71.0
541,0.0,0.0,1.0,3.0,0.0,9.0,4.0,2.0,31.275
542,0.0,0.0,1.0,3.0,0.0,11.0,4.0,2.0,31.275
543,0.0,0.0,1.0,2.0,1.0,32.0,1.0,0.0,26.0
544,1.0,0.0,0.0,1.0,1.0,50.0,1.0,0.0,106.425
545,0.0,0.0,1.0,1.0,1.0,64.0,0.0,0.0,26.0
546,0.0,0.0,1.0,2.0,0.0,19.0,1.0,0.0,26.0
547,1.0,0.0,0.0,2.0,1.0,24.0,0.0,0.0,13.8625
548,0.0,0.0,1.0,3.0,1.0,33.0,1.0,1.0,20.525
549,0.0,0.0,1.0,2.0,1.0,8.0,1.0,1.0,36.75
550,1.0,0.0,0.0,1.0,1.0,17.0,0.0,2.0,110.8833
551,0.0,0.0,1.0,2.0,1.0,27.0,0.0,0.0,26.0
552,0.0,1.0,0.0,3.0,1.0,24.0,0.0,0.0,7.8292
553,1.0,0.0,0.0,3.0,1.0,22.0,0.0,0.0,7.225
554,0.0,0.0,1.0,3.0,0.0,22.0,0.0,0.0,7.775
555,0.0,0.0,1.0,1.0,1.0,62.0,0.0,0.0,26.55
556,1.0,0.0,0.0,1.0,0.0,48.0,1.0,0.0,39.6
557,1.0,0.0,0.0,1.0,1.0,24.0,0.0,0.0,227.525
558,0.0,0.0,1.0,1.0,0.0,39.0,1.0,1.0,79.65
559,0.0,0.0,1.0,3.0,0.0,36.0,1.0,0.0,17.4
560,0.0,1.0,0.0,3.0,1.0,24.0,0.0,0.0,7.75
561,0.0,0.0,1.0,3.0,1.0,40.0,0.0,0.0,7.8958
562,0.0,0.0,1.0,2.0,1.0,28.0,0.0,0.0,13.5
563,0.0,0.0,1.0,3.0,1.0,24.0,0.0,0.0,8.05
564,0.0,0.0,1.0,3.0,0.0,24.0,0.0,0.0,8.05
565,0.0,0.0,1.0,3.0,1.0,24.0,2.0,0.0,24.15
566,0.0,0.0,1.0,3.0,1.0,19.0,0.0,0.0,7.8958
567,0.0,0.0,1.0,3.0,0.0,29.0,0.0,4.0,21.075
568,1.0,0.0,0.0,3.0,1.0,24.0,0.0,0.0,7.2292
569,0.0,0.0,1.0,3.0,1.0,32.0,0.0,0.0,7.8542
570,0.0,0.0,1.0,2.0,1.0,62.0,0.0,0.0,10.5
571,0.0,0.0,1.0,1.0,0.0,53.0,2.0,0.0,51.4792
572,0.0,0.0,1.0,1.0,1.0,36.0,0.0,0.0,26.3875
573,0.0,1.0,0.0,3.0,0.0,24.0,0.0,0.0,7.75
574,0.0,0.0,1.0,3.0,1.0,16.0,0.0,0.0,8.05
575,0.0,0.0,1.0,3.0,1.0,19.0,0.0,0.0,14.5
576,0.0,0.0,1.0,2.0,0.0,34.0,0.0,0.0,13.0
577,0.0,0.0,1.0,1.0,0.0,39.0,1.0,0.0,55.9
578,1.0,0.0,0.0,3.0,0.0,24.0,1.0,0.0,14.4583
579,0.0,0.0,1.0,3.0,1.0,32.0,0.0,0.0,7.925
580,0.0,0.0,1.0,2.0,0.0,25.0,1.0,1.0,30.0
581,1.0,0.0,0.0,1.0,0.0,39.0,1.0,1.0,110.8833
582,0.0,0.0,1.0,2.0,1.0,54.0,0.0,0.0,26.0
583,1.0,0.0,0.0,1.0,1.0,36.0,0.0,0.0,40.125
584,1.0,0.0,0.0,3.0,1.0,24.0,0.0,0.0,8.7125
585,0.0,0.0,1.0,1.0,0.0,18.0,0.0,2.0,79.65
586,0.0,0.0,1.0,2.0,1.0,47.0,0.0,0.0,15.0
587,1.0,0.0,0.0,1.0,1.0,60.0,1.0,1.0,79.2
588,0.0,0.0,1.0,3.0,1.0,22.0,0.0,0.0,8.05
589,0.0,0.0,1.0,3.0,1.0,24.0,0.0,0.0,8.05
590,0.0,0.0,1.0,3.0,1.0,35.0,0.0,0.0,7.125
591,1.0,0.0,0.0,1.0,0.0,52.0,1.0,0.0,78.2667
592,0.0,0.0,1.0,3.0,1.0,47.0,0.0,0.0,7.25
593,0.0,1.0,0.0,3.0,0.0,24.0,0.0,2.0,7.75
594,0.0,0.0,1.0,2.0,1.0,37.0,1.0,0.0,26.0
595,0.0,0.0,1.0,3.0,1.0,36.0,1.0,1.0,24.15
596,0.0,0.0,1.0,2.0,0.0,24.0,0.0,0.0,33.0
597,0.0,0.0,1.0,3.0,1.0,49.0,0.0,0.0,0.0
598,1.0,0.0,0.0,3.0,1.0,24.0,0.0,0.0,7.225
599,1.0,0.0,0.0,1.0,1.0,49.0,1.0,0.0,56.9292
600,0.0,0.0,1.0,2.0,0.0,24.0,2.0,1.0,27.0
601,0.0,0.0,1.0,3.0,1.0,24.0,0.0,0.0,7.8958
602,0.0,0.0,1.0,1.0,1.0,24.0,0.0,0.0,42.4
603,0.0,0.0,1.0,3.0,1.0,44.0,0.0,0.0,8.05
604,1.0,0.0,0.0,1.0,1.0,35.0,0.0,0.0,26.55
605,0.0,0.0,1.0,3.0,1.0,36.0,1.0,0.0,15.55
606,0.0,0.0,1.0,3.0,1.0,30.0,0.0,0.0,7.8958
607,0.0,0.0,1.0,1.0,1.0,27.0,0.0,0.0,30.5
608,1.0,0.0,0.0,2.0,0.0,22.0,1.0,2.0,41.5792
609,0.0,0.0,1.0,1.0,0.0,40.0,0.0,0.0,153.4625
610,0.0,0.0,1.0,3.0,0.0,39.0,1.0,5.0,31.275
611,0.0,0.0,1.0,3.0,1.0,24.0,0.0,0.0,7.05
612,0.0,1.0,0.0,3.0,0.0,24.0,1.0,0.0,15.5
613,0.0,1.0,0.0,3.0,1.0,24.0,0.0,0.0,7.75
614,0.0,0.0,1.0,3.0,1.0,35.0,0.0,0.0,8.05
615,0.0,0.0,1.0,2.0,0.0,24.0,1.0,2.0,65.0
616,0.0,0.0,1.0,3.0,1.0,34.0,1.0,1.0,14.4
617,0.0,0.0,1.0,3.0,0.0,26.0,1.0,0.0,16.1
618,0.0,0.0,1.0,2.0,0.0,4.0,2.0,1.0,39.0
619,0.0,0.0,1.0,2.0,1.0,26.0,0.0,0.0,10.5
620,1.0,0.0,0.0,3.0,1.0,27.0,1.0,0.0,14.4542
621,0.0,0.0,1.0,1.0,1.0,42.0,1.0,0.0,52.5542
622,1.0,0.0,0.0,3.0,1.0,20.0,1.0,1.0,15.7417
623,0.0,0.0,1.0,3.0,1.0,21.0,0.0,0.0,7.8542
624,0.0,0.0,1.0,3.0,1.0,21.0,0.0,0.0,16.1
625,0.0,0.0,1.0,1.0,1.0,61.0,0.0,0.0,32.3208
626,0.0,1.0,0.0,2.0,1.0,57.0,0.0,0.0,12.35
627,0.0,0.0,1.0,1.0,0.0,21.0,0.0,0.0,77.9583
628,0.0,0.0,1.0,3.0,1.0,26.0,0.0,0.0,7.8958
629,0.0,1.0,0.0,3.0,1.0,24.0,0.0,0.0,7.7333
630,0.0,0.0,1.0,1.0,1.0,80.0,0.0,0.0,30.0
631,0.0,0.0,1.0,3.0,1.0,51.0,0.0,0.0,7.0542
632,1.0,0.0,0.0,1.0,1.0,32.0,0.0,0.0,30.5
633,0.0,0.0,1.0,1.0,1.0,24.0,0.0,0.0,0.0
634,0.0,0.0,1.0,3.0,0.0,9.0,3.0,2.0,27.9
635,0.0,0.0,1.0,2.0,0.0,28.0,0.0,0.0,13.0
636,0.0,0.0,1.0,3.0,1.0,32.0,0.0,0.0,7.925
637,0.0,0.0,1.0,2.0,1.0,31.0,1.0,1.0,26.25
638,0.0,0.0,1.0,3.0,0.0,41.0,0.0,5.0,39.6875
639,0.0,0.0,1.0,3.0,1.0,24.0,1.0,0.0,16.1
640,0.0,0.0,1.0,3.0,1.0,20.0,0.0,0.0,7.8542
641,1.0,0.0,0.0,1.0,0.0,24.0,0.0,0.0,69.3
642,0.0,0.0,1.0,3.0,0.0,2.0,3.0,2.0,27.9
643,0.0,0.0,1.0,3.0,1.0,24.0,0.0,0.0,56.4958
644,1.0,0.0,0.0,3.0,0.0,0.75,2.0,1.0,19.2583
645,1.0,0.0,0.0,1.0,1.0,48.0,1.0,0.0,76.7292
646,0.0,0.0,1.0,3.0,1.0,19.0,0.0,0.0,7.8958
647,1.0,0.0,0.0,1.0,1.0,56.0,0.0,0.0,35.5
648,0.0,0.0,1.0,3.0,1.0,24.0,0.0,0.0,7.55
649,0.0,0.0,1.0,3.0,0.0,23.0,0.0,0.0,7.55
650,0.0,0.0,1.0,3.0,1.0,24.0,0.0,0.0,7.8958
651,0.0,0.0,1.0,2.0,0.0,18.0,0.0,1.0,23.0
652,0.0,0.0,1.0,3.0,1.0,21.0,0.0,0.0,8.4333
653,0.0,1.0,0.0,3.0,0.0,24.0,0.0,0.0,7.8292
654,0.0,1.0,0.0,3.0,0.0,18.0,0.0,0.0,6.75
655,0.0,0.0,1.0,2.0,1.0,24.0,2.0,0.0,73.5
656,0.0,0.0,1.0,3.0,1.0,24.0,0.0,0.0,7.8958
657,0.0,1.0,0.0,3.0,0.0,32.0,1.0,1.0,15.5
658,0.0,0.0,1.0,2.0,1.0,23.0,0.0,0.0,13.0
659,1.0,0.0,0.0,1.0,1.0,58.0,0.0,2.0,113.275
660,0.0,0.0,1.0,1.0,1.0,50.0,2.0,0.0,133.65
661,1.0,0.0,0.0,3.0,1.0,40.0,0.0,0.0,7.225
662,0.0,0.0,1.0,1.0,1.0,47.0,0.0,0.0,25.5875
663,0.0,0.0,1.0,3.0,1.0,36.0,0.0,0.0,7.4958
664,0.0,0.0,1.0,3.0,1.0,20.0,1.0,0.0,7.925
665,0.0,0.0,1.0,2.0,1.0,32.0,2.0,0.0,73.5
666,0.0,0.0,1.0,2.0,1.0,25.0,0.0,0.0,13.0
667,0.0,0.0,1.0,3.0,1.0,24.0,0.0,0.0,7.775
668,0.0,0.0,1.0,3.0,1.0,43.0,0.0,0.0,8.05
669,0.0,0.0,1.0,1.0,0.0,24.0,1.0,0.0,52.0
670,0.0,0.0,1.0,2.0,0.0,40.0,1.0,1.0,39.0
671,0.0,0.0,1.0,1.0,1.0,31.0,1.0,0.0,52.0
672,0.0,0.0,1.0,2.0,1.0,70.0,0.0,0.0,10.5
673,0.0,0.0,1.0,2.0,1.0,31.0,0.0,0.0,13.0
674,0.0,0.0,1.0,2.0,1.0,24.0,0.0,0.0,0.0
675,0.0,0.0,1.0,3.0,1.0,18.0,0.0,0.0,7.775
676,0.0,0.0,1.0,3.0,1.0,24.5,0.0,0.0,8.05
677,0.0,0.0,1.0,3.0,0.0,18.0,0.0,0.0,9.8417
678,0.0,0.0,1.0,3.0,0.0,43.0,1.0,6.0,46.9
679,1.0,0.0,0.0,1.0,1.0,36.0,0.0,1.0,512.3292
680,0.0,1.0,0.0,3.0,0.0,24.0,0.0,0.0,8.1375
681,1.0,0.0,0.0,1.0,1.0,27.0,0.0,0.0,76.7292
682,0.0,0.0,1.0,3.0,1.0,20.0,0.0,0.0,9.225
683,0.0,0.0,1.0,3.0,1.0,14.0,5.0,2.0,46.9
684,0.0,0.0,1.0,2.0,1.0,60.0,1.0,1.0,39.0
685,1.0,0.0,0.0,2.0,1.0,25.0,1.0,2.0,41.5792
686,0.0,0.0,1.0,3.0,1.0,14.0,4.0,1.0,39.6875
687,0.0,0.0,1.0,3.0,1.0,19.0,0.0,0.0,10.1708
688,0.0,0.0,1.0,3.0,1.0,18.0,0.0,0.0,7.7958
689,0.0,0.0,1.0,1.0,0.0,15.0,0.0,1.0,211.3375
690,0.0,0.0,1.0,1.0,1.0,31.0,1.0,0.0,57.0
691,1.0,0.0,0.0,3.0,0.0,4.0,0.0,1.0,13.4167
692,0.0,0.0,1.0,3.0,1.0,24.0,0.0,0.0,56.4958
693,1.0,0.0,0.0,3.0,1.0,25.0,0.0,0.0,7.225
694,0.0,0.0,1.0,1.0,1.0,60.0,0.0,0.0,26.55
695,0.0,0.0,1.0,2.0,1.0,52.0,0.0,0.0,13.5
696,0.0,0.0,1.0,3.0,1.0,44.0,0.0,0.0,8.05
697,0.0,1.0,0.0,3.0,0.0,24.0,0.0,0.0,7.7333
698,1.0,0.0,0.0,1.0,1.0,49.0,1.0,1.0,110.8833
699,0.0,0.0,1.0,3.0,1.0,42.0,0.0,0.0,7.65
700,1.0,0.0,0.0,1.0,0.0,18.0,1.0,0.0,227.525
701,0.0,0.0,1.0,1.0,1.0,35.0,0.0,0.0,26.2875
702,1.0,0.0,0.0,3.0,0.0,18.0,0.0,1.0,14.4542
703,0.0,1.0,0.0,3.0,1.0,25.0,0.0,0.0,7.7417
704,0.0,0.0,1.0,3.0,1.0,26.0,1.0,0.0,7.8542
705,0.0,0.0,1.0,2.0,1.0,39.0,0.0,0.0,26.0
706,0.0,0.0,1.0,2.0,0.0,45.0,0.0,0.0,13.5
707,0.0,0.0,1.0,1.0,1.0,42.0,0.0,0.0,26.2875
708,0.0,0.0,1.0,1.0,0.0,22.0,0.0,0.0,151.55
709,1.0,0.0,0.0,3.0,1.0,24.0,1.0,1.0,15.2458
710,1.0,0.0,0.0,1.0,0.0,24.0,0.0,0.0,49.5042
711,0.0,0.0,1.0,1.0,1.0,24.0,0.0,0.0,26.55
712,0.0,0.0,1.0,1.0,1.0,48.0,1.0,0.0,52.0
713,0.0,0.0,1.0,3.0,1.0,29.0,0.0,0.0,9.4833
714,0.0,0.0,1.0,2.0,1.0,52.0,0.0,0.0,13.0
715,0.0,0.0,1.0,3.0,1.0,19.0,0.0,0.0,7.65
716,1.0,0.0,0.0,1.0,0.0,38.0,0.0,0.0,227.525
717,0.0,0.0,1.0,2.0,0.0,27.0,0.0,0.0,10.5
718,0.0,1.0,0.0,3.0,1.0,24.0,0.0,0.0,15.5
719,0.0,0.0,1.0,3.0,1.0,33.0,0.0,0.0,7.775
720,0.0,0.0,1.0,2.0,0.0,6.0,0.0,1.0,33.0
721,0.0,0.0,1.0,3.0,1.0,17.0,1.0,0.0,7.0542
722,0.0,0.0,1.0,2.0,1.0,34.0,0.0,0.0,13.0
723,0.0,0.0,1.0,2.0,1.0,50.0,0.0,0.0,13.0
724,0.0,0.0,1.0,1.0,1.0,27.0,1.0,0.0,53.1
725,0.0,0.0,1.0,3.0,1.0,20.0,0.0,0.0,8.6625
726,0.0,0.0,1.0,2.0,0.0,30.0,3.0,0.0,21.0
727,0.0,1.0,0.0,3.0,0.0,24.0,0.0,0.0,7.7375
728,0.0,0.0,1.0,2.0,1.0,25.0,1.0,0.0,26.0
729,0.0,0.0,1.0,3.0,0.0,25.0,1.0,0.0,7.925
730,0.0,0.0,1.0,1.0,0.0,29.0,0.0,0.0,211.3375
731,1.0,0.0,0.0,3.0,1.0,11.0,0.0,0.0,18.7875
732,0.0,0.0,1.0,2.0,1.0,24.0,0.0,0.0,0.0
733,0.0,0.0,1.0,2.0,1.0,23.0,0.0,0.0,13.0
734,0.0,0.0,1.0,2.0,1.0,23.0,0.0,0.0,13.0
735,0.0,0.0,1.0,3.0,1.0,28.5,0.0,0.0,16.1
736,0.0,0.0,1.0,3.0,0.0,48.0,1.0,3.0,34.375
737,1.0,0.0,0.0,1.0,1.0,35.0,0.0,0.0,512.3292
738,0.0,0.0,1.0,3.0,1.0,24.0,0.0,0.0,7.8958
739,0.0,0.0,1.0,3.0,1.0,24.0,0.0,0.0,7.8958
740,0.0,0.0,1.0,1.0,1.0,24.0,0.0,0.0,30.0
741,0.0,0.0,1.0,1.0,1.0,36.0,1.0,0.0,78.85
742,1.0,0.0,0.0,1.0,0.0,21.0,2.0,2.0,262.375
743,0.0,0.0,1.0,3.0,1.0,24.0,1.0,0.0,16.1
744,0.0,0.0,1.0,3.0,1.0,31.0,0.0,0.0,7.925
745,0.0,0.0,1.0,1.0,1.0,70.0,1.0,1.0,71.0
746,0.0,0.0,1.0,3.0,1.0,16.0,1.0,1.0,20.25
747,0.0,0.0,1.0,2.0,0.0,30.0,0.0,0.0,13.0
748,0.0,0.0,1.0,1.0,1.0,19.0,1.0,0.0,53.1
749,0.0,1.0,0.0,3.0,1.0,31.0,0.0,0.0,7.75
750,0.0,0.0,1.0,2.0,0.0,4.0,1.0,1.0,23.0
751,0.0,0.0,1.0,3.0,1.0,6.0,0.0,1.0,12.475
752,0.0,0.0,1.0,3.0,1.0,33.0,0.0,0.0,9.5
753,0.0,0.0,1.0,3.0,1.0,23.0,0.0,0.0,7.8958
754,0.0,0.0,1.0,2.0,0.0,48.0,1.0,2.0,65.0
755,0.0,0.0,1.0,2.0,1.0,0.67,1.0,1.0,14.5
756,0.0,0.0,1.0,3.0,1.0,28.0,0.0,0.0,7.7958
757,0.0,0.0,1.0,2.0,1.0,18.0,0.0,0.0,11.5
758,0.0,0.0,1.0,3.0,1.0,34.0,0.0,0.0,8.05
759,0.0,0.0,1.0,1.0,0.0,33.0,0.0,0.0,86.5
760,0.0,0.0,1.0,3.0,1.0,24.0,0.0,0.0,14.5
761,0.0,0.0,1.0,3.0,1.0,41.0,0.0,0.0,7.125
762,1.0,0.0,0.0,3.0,1.0,20.0,0.0,0.0,7.2292
763,0.0,0.0,1.0,1.0,0.0,36.0,1.0,2.0,120.0
764,0.0,0.0,1.0,3.0,1.0,16.0,0.0,0.0,7.775
765,0.0,0.0,1.0,1.0,0.0,51.0,1.0,0.0,77.9583
766,1.0,0.0,0.0,1.0,1.0,24.0,0.0,0.0,39.6
767,0.0,1.0,0.0,3.0,0.0,30.5,0.0,0.0,7.75
768,0.0,1.0,0.0,3.0,1.0,24.0,1.0,0.0,24.15
769,0.0,0.0,1.0,3.0,1.0,32.0,0.0,0.0,8.3625
770,0.0,0.0,1.0,3.0,1.0,24.0,0.0,0.0,9.5
771,0.0,0.0,1.0,3.0,1.0,48.0,0.0,0.0,7.8542
772,0.0,0.0,1.0,2.0,0.0,57.0,0.0,0.0,10.5
773,1.0,0.0,0.0,3.0,1.0,24.0,0.0,0.0,7.225
774,0.0,0.0,1.0,2.0,0.0,54.0,1.0,3.0,23.0
775,0.0,0.0,1.0,3.0,1.0,18.0,0.0,0.0,7.75
776,0.0,1.0,0.0,3.0,1.0,24.0,0.0,0.0,7.75
777,0.0,0.0,1.0,3.0,0.0,5.0,0.0,0.0,12.475
778,0.0,1.0,0.0,3.0,1.0,24.0,0.0,0.0,7.7375
779,0.0,0.0,1.0,1.0,0.0,43.0,0.0,1.0,211.3375
780,1.0,0.0,0.0,3.0,0.0,13.0,0.0,0.0,7.2292
781,0.0,0.0,1.0,1.0,0.0,17.0,1.0,0.0,57.0
782,0.0,0.0,1.0,1.0,1.0,29.0,0.0,0.0,30.0
783,0.0,0.0,1.0,3.0,1.0,24.0,1.0,2.0,23.45
784,0.0,0.0,1.0,3.0,1.0,25.0,0.0,0.0,7.05
785,0.0,0.0,1.0,3.0,1.0,25.0,0.0,0.0,7.25
786,0.0,0.0,1.0,3.0,0.0,18.0,0.0,0.0,7.4958
787,0.0,1.0,0.0,3.0,1.0,8.0,4.0,1.0,29.125
788,0.0,0.0,1.0,3.0,1.0,1.0,1.0,2.0,20.575
789,1.0,0.0,0.0,1.0,1.0,46.0,0.0,0.0,79.2
790,0.0,1.0,0.0,3.0,1.0,24.0,0.0,0.0,7.75
791,0.0,0.0,1.0,2.0,1.0,16.0,0.0,0.0,26.0
792,0.0,0.0,1.0,3.0,0.0,24.0,8.0,2.0,69.55
793,1.0,0.0,0.0,1.0,1.0,24.0,0.0,0.0,30.6958
794,0.0,0.0,1.0,3.0,1.0,25.0,0.0,0.0,7.8958
795,0.0,0.0,1.0,2.0,1.0,39.0,0.0,0.0,13.0
796,0.0,0.0,1.0,1.0,0.0,49.0,0.0,0.0,25.9292
797,0.0,0.0,1.0,3.0,0.0,31.0,0.0,0.0,8.6833
798,1.0,0.0,0.0,3.0,1.0,30.0,0.0,0.0,7.2292
799,0.0,0.0,1.0,3.0,0.0,30.0,1.0,1.0,24.15
800,0.0,0.0,1.0,2.0,1.0,34.0,0.0,0.0,13.0
801,0.0,0.0,1.0,2.0,0.0,31.0,1.0,1.0,26.25
802,0.0,0.0,1.0,1.0,1.0,11.0,1.0,2.0,120.0
803,1.0,0.0,0.0,3.0,1.0,0.42,0.0,1.0,8.5167
804,0.0,0.0,1.0,3.0,1.0,27.0,0.0,0.0,6.975
805,0.0,0.0,1.0,3.0,1.0,31.0,0.0,0.0,7.775
806,0.0,0.0,1.0,1.0,1.0,39.0,0.0,0.0,0.0
807,0.0,0.0,1.0,3.0,0.0,18.0,0.0,0.0,7.775
808,0.0,0.0,1.0,2.0,1.0,39.0,0.0,0.0,13.0
809,0.0,0.0,1.0,1.0,0.0,33.0,1.0,0.0,53.1
810,0.0,0.0,1.0,3.0,1.0,26.0,0.0,0.0,7.8875
811,0.0,0.0,1.0,3.0,1.0,39.0,0.0,0.0,24.15
812,0.0,0.0,1.0,2.0,1.0,35.0,0.0,0.0,10.5
813,0.0,0.0,1.0,3.0,0.0,6.0,4.0,2.0,31.275
814,0.0,0.0,1.0,3.0,1.0,30.5,0.0,0.0,8.05
815,0.0,0.0,1.0,1.0,1.0,24.0,0.0,0.0,0.0
816,0.0,0.0,1.0,3.0,0.0,23.0,0.0,0.0,7.925
817,1.0,0.0,0.0,2.0,1.0,31.0,1.0,1.0,37.0042
818,0.0,0.0,1.0,3.0,1.0,43.0,0.0,0.0,6.45
819,0.0,0.0,1.0,3.0,1.0,10.0,3.0,2.0,27.9
820,0.0,0.0,1.0,1.0,0.0,52.0,1.0,1.0,93.5
821,0.0,0.0,1.0,3.0,1.0,27.0,0.0,0.0,8.6625
822,0.0,0.0,1.0,1.0,1.0,38.0,0.0,0.0,0.0
823,0.0,0.0,1.0,3.0,0.0,27.0,0.0,1.0,12.475
824,0.0,0.0,1.0,3.0,1.0,2.0,4.0,1.0,39.6875
825,0.0,1.0,0.0,3.0,1.0,24.0,0.0,0.0,6.95
826,0.0,0.0,1.0,3.0,1.0,24.0,0.0,0.0,56.4958
827,1.0,0.0,0.0,2.0,1.0,1.0,0.0,2.0,37.0042
828,0.0,1.0,0.0,3.0,1.0,24.0,0.0,0.0,7.75
829,0.0,0.0,1.0,1.0,0.0,62.0,0.0,0.0,80.0
830,1.0,0.0,0.0,3.0,0.0,15.0,1.0,0.0,14.4542
831,0.0,0.0,1.0,2.0,1.0,0.83,1.0,1.0,18.75
832,1.0,0.0,0.0,3.0,1.0,24.0,0.0,0.0,7.2292
833,0.0,0.0,1.0,3.0,1.0,23.0,0.0,0.0,7.8542
834,0.0,0.0,1.0,3.0,1.0,18.0,0.0,0.0,8.3
835,1.0,0.0,0.0,1.0,0.0,39.0,1.0,1.0,83.1583
836,0.0,0.0,1.0,3.0,1.0,21.0,0.0,0.0,8.6625
837,0.0,0.0,1.0,3.0,1.0,24.0,0.0,0.0,8.05
838,0.0,0.0,1.0,3.0,1.0,32.0,0.0,0.0,56.4958
839,1.0,0.0,0.0,1.0,1.0,24.0,0.0,0.0,29.7
840,0.0,0.0,1.0,3.0,1.0,20.0,0.0,0.0,7.925
841,0.0,0.0,1.0,2.0,1.0,16.0,0.0,0.0,10.5
842,1.0,0.0,0.0,1.0,0.0,30.0,0.0,0.0,31.0
843,1.0,0.0,0.0,3.0,1.0,34.5,0.0,0.0,6.4375
844,0.0,0.0,1.0,3.0,1.0,17.0,0.0,0.0,8.6625
845,0.0,0.0,1.0,3.0,1.0,42.0,0.0,0.0,7.55
846,0.0,0.0,1.0,3.0,1.0,24.0,8.0,2.0,69.55
847,1.0,0.0,0.0,3.0,1.0,35.0,0.0,0.0,7.8958
848,0.0,0.0,1.0,2.0,1.0,28.0,0.0,1.0,33.0
849,1.0,0.0,0.0,1.0,0.0,24.0,1.0,0.0,89.1042
850,0.0,0.0,1.0,3.0,1.0,4.0,4.0,2.0,31.275
851,0.0,0.0,1.0,3.0,1.0,74.0,0.0,0.0,7.775
852,1.0,0.0,0.0,3.0,0.0,9.0,1.0,1.0,15.2458
853,0.0,0.0,1.0,1.0,0.0,16.0,0.0,1.0,39.4
854,0.0,0.0,1.0,2.0,0.0,44.0,1.0,0.0,26.0
855,0.0,0.0,1.0,3.0,0.0,18.0,0.0,1.0,9.35
856,0.0,0.0,1.0,1.0,0.0,45.0,1.0,1.0,164.8667
857,0.0,0.0,1.0,1.0,1.0,51.0,0.0,0.0,26.55
858,1.0,0.0,0.0,3.0,0.0,24.0,0.0,3.0,19.2583
859,1.0,0.0,0.0,3.0,1.0,24.0,0.0,0.0,7.2292
860,0.0,0.0,1.0,3.0,1.0,41.0,2.0,0.0,14.1083
861,0.0,0.0,1.0,2.0,1.0,21.0,1.0,0.0,11.5
862,0.0,0.0,1.0,1.0,0.0,48.0,0.0,0.0,25.9292
863,0.0,0.0,1.0,3.0,0.0,24.0,8.0,2.0,69.55
864,0.0,0.0,1.0,2.0,1.0,24.0,0.0,0.0,13.0
865,0.0,0.0,1.0,2.0,0.0,42.0,0.0,0.0,13.0
866,1.0,0.0,0.0,2.0,0.0,27.0,1.0,0.0,13.8583
867,0.0,0.0,1.0,1.0,1.0,31.0,0.0,0.0,50.4958
868,0.0,0.0,1.0,3.0,1.0,24.0,0.0,0.0,9.5
869,0.0,0.0,1.0,3.0,1.0,4.0,1.0,1.0,11.1333
870,0.0,0.0,1.0,3.0,1.0,26.0,0.0,0.0,7.8958
871,0.0,0.0,1.0,1.0,0.0,47.0,1.0,1.0,52.5542
872,0.0,0.0,1.0,1.0,1.0,33.0,0.0,0.0,5.0
873,0.0,0.0,1.0,3.0,1.0,47.0,0.0,0.0,9.0
874,1.0,0.0,0.0,2.0,0.0,28.0,1.0,0.0,24.0
875,1.0,0.0,0.0,3.0,0.0,15.0,0.0,0.0,7.225
876,0.0,0.0,1.0,3.0,1.0,20.0,0.0,0.0,9.8458
877,0.0,0.0,1.0,3.0,1.0,19.0,0.0,0.0,7.8958
878,0.0,0.0,1.0,3.0,1.0,24.0,0.0,0.0,7.8958
879,1.0,0.0,0.0,1.0,0.0,56.0,0.0,1.0,83.1583
880,0.0,0.0,1.0,2.0,0.0,25.0,0.0,1.0,26.0
881,0.0,0.0,1.0,3.0,1.0,33.0,0.0,0.0,7.8958
882,0.0,0.0,1.0,3.0,0.0,22.0,0.0,0.0,10.5167
883,0.0,0.0,1.0,2.0,1.0,28.0,0.0,0.0,10.5
884,0.0,0.0,1.0,3.0,1.0,25.0,0.0,0.0,7.05
885,0.0,1.0,0.0,3.0,0.0,39.0,0.0,5.0,29.125
886,0.0,0.0,1.0,2.0,1.0,27.0,0.0,0.0,13.0
887,0.0,0.0,1.0,1.0,0.0,19.0,0.0,0.0,30.0
888,0.0,0.0,1.0,3.0,0.0,24.0,1.0,2.0,23.45
889,1.0,0.0,0.0,1.0,1.0,26.0,0.0,0.0,30.0
890,0.0,1.0,0.0,3.0,1.0,32.0,0.0,0.0,7.75
